node_num,node_name,node_type
1,ABL1,gene
2,ABL2,gene
3,ACAA1,gene
4,ACACA,gene
5,ACACB,gene
6,ACADL,gene
7,ACADM,gene
8,ACOX1,gene
9,ACOX2,gene
10,ACOX3,gene
11,ACSBG1,gene
12,ACSBG2,gene
13,ACSL1,gene
14,ACSL3,gene
15,ACSL5,gene
16,ACSL6,gene
18,ACTB,gene
19,ACTG1,gene
20,ACVR1,gene
26,ADCY1,gene
38,ADGRB1,gene
39,ADIPOQ,gene
46,ADRA1A,gene
57,AGAP2,gene
58,AGER,gene
59,AGRP,gene
62,AIFM2,gene
65,AKT1,gene
66,AKT1S1,gene
67,AKT2,gene
68,AKT3,gene
70,ALDOB,gene
72,AMH,gene
75,ANGPT1,gene
76,ANGPT2,gene
77,ANGPT4,gene
78,ANGPTL4,gene
79,AOX1,gene
87,APOA1,gene
88,APOA2,gene
89,APOA5,gene
90,APOC3,gene
91,AQP7,gene
93,AREG,gene
100,ARNT,gene
102,ARRB2,gene
104,ATF2,gene
105,ATF4,gene
106,ATF6B,gene
111,ATP1A1,gene
112,ATP1A2,gene
113,ATP1A3,gene
114,ATP1A4,gene
115,ATP1B1,gene
116,ATP1B2,gene
117,ATP1B3,gene
119,ATP2A2,gene
120,ATP2A3,gene
137,ATR,gene
141,AVPR1A,gene
142,AVPR1B,gene
146,BAD,gene
149,BAX,gene
150,BBC3,gene
151,BCAR1,gene
152,BCL10,gene
153,BCL2,gene
154,BCL2A1,gene
155,BCL2L1,gene
157,BCL3,gene
161,BDNF,gene
163,BID,gene
164,BIRC2,gene
165,BIRC3,gene
175,BMPR1A,gene
176,BMPR1B,gene
177,BMPR2,gene
180,BORCS8-MEF2B,gene
183,BRCA1,gene
184,BTC,gene
186,CAB39,gene
187,CAB39L,gene
210,CALM3,gene
212,CALML4,gene
218,CAMK2A,gene
219,CAMK2B,gene
220,CAMK2D,gene
221,CAMK2G,gene
222,CAMK4,gene
223,CAMKK2,gene
224,CAMP,gene
226,CARD11,gene
233,CARD9,gene
237,CASP3,gene
241,CASP8,gene
249,CBL,gene
250,CBLB,gene
254,CCL11,gene
259,CCL17,gene
262,CCL2,gene
263,CCL20,gene
265,CCL22,gene
272,CCL3,gene
273,CCL3L1,gene
274,CCL3L3,gene
275,CCL4,gene
276,CCL4L1,gene
277,CCL4L2,gene
278,CCL5,gene
279,CCL7,gene
285,CCND1,gene
286,CCND2,gene
287,CCND3,gene
288,CCNE1,gene
289,CCNE2,gene
291,CCNG2,gene
295,CCR3,gene
303,CD19,gene
307,CD28,gene
308,CD36,gene
309,CD38,gene
310,CD3E,gene
311,CD4,gene
314,CD79A,gene
315,CD79B,gene
319,CD8A,gene
320,CD8B,gene
321,CDC25B,gene
322,CDC37,gene
323,CDC42,gene
327,CDK4,gene
329,CDKN1A,gene
330,CDKN1B,gene
332,CDKN2B,gene
335,CEBPB,gene
337,CFLAR,gene
338,CFTR,gene
342,CHEK1,gene
343,CHEK2,gene
349,CHUK,gene
350,CIR1,gene
351,CISH,gene
358,CLIP1,gene
359,CNR1,gene
360,CNTF,gene
362,COL1A1,gene
363,COL1A2,gene
380,CPT1A,gene
381,CPT1B,gene
382,CPT1C,gene
383,CPT2,gene
384,CREB1,gene
385,CREB3,gene
386,CREB3L1,gene
387,CREB3L2,gene
388,CREB3L3,gene
389,CREB3L4,gene
390,CREB5,gene
391,CREBBP,gene
392,CRK,gene
393,CRKL,gene
394,CRTC2,gene
395,CSF1,gene
396,CSF1R,gene
397,CSF2,gene
399,CSF3,gene
401,CSH1,gene
402,CSH2,gene
403,CSN2,gene
415,CTBP1,gene
416,CTBP2,gene
417,CTF1,gene
422,CTNNB1,gene
427,CTSD,gene
431,CX3CR1,gene
432,CXCL1,gene
433,CXCL10,gene
439,CXCL2,gene
440,CXCL3,gene
441,CXCL5,gene
442,CXCL6,gene
443,CXCL8,gene
446,CXCR2,gene
454,CYP27A1,gene
455,CYP7A1,gene
456,CYP8B1,gene
462,DAAM1,gene
465,DAPP1,gene
467,DBI,gene
472,DDIT3,gene
475,DEFB4A,gene
476,DEFB4B,gene
478,DEPTOR,gene
487,DLG1,gene
495,DOCK2,gene
505,DUSP1,gene
506,DUSP10,gene
507,DUSP16,gene
508,DUSP2,gene
509,DUSP3,gene
510,DUSP4,gene
511,DUSP5,gene
512,DUSP6,gene
513,DUSP7,gene
514,DUSP8,gene
520,EBAG9,gene
524,EDN1,gene
530,EEF2K,gene
532,EFNA1,gene
533,EFNA2,gene
534,EFNA3,gene
535,EFNA4,gene
536,EFNA5,gene
537,EGF,gene
538,EGFR,gene
541,EGLN3,gene
543,EGR2,gene
545,EHHADH,gene
547,EIF4B,gene
551,EIF4EBP1,gene
552,ELAVL1,gene
553,ELF5,gene
554,ELK4,gene
555,ELMO1,gene
559,ENO1,gene
562,ENO4,gene
563,EP300,gene
564,EPHA2,gene
565,EPO,gene
567,ERBB2,gene
568,ERBB3,gene
569,ERBB4,gene
571,EREG,gene
572,ESR1,gene
573,ESR2,gene
575,ETS1,gene
583,F2R,gene
585,F3,gene
586,FABP1,gene
587,FABP3,gene
588,FABP4,gene
589,FADD,gene
590,FADS2,gene
591,FARP2,gene
601,FCER1A,gene
602,FCER1G,gene
605,FGF1,gene
606,FGF10,gene
607,FGF17,gene
608,FGF18,gene
609,FGF19,gene
610,FGF2,gene
611,FGF20,gene
612,FGF21,gene
613,FGF22,gene
614,FGF23,gene
615,FGF3,gene
616,FGF4,gene
617,FGF5,gene
618,FGF6,gene
619,FGF7,gene
620,FGF8,gene
621,FGF9,gene
622,FGFR1,gene
623,FGFR2,gene
624,FGFR3,gene
625,FGFR4,gene
626,FGR,gene
632,FLT1,gene
633,FLT3,gene
634,FLT3LG,gene
635,FLT4,gene
640,FOS,gene
641,FOSB,gene
642,FOSL1,gene
643,FOXO1,gene
644,FOXO3,gene
655,FXYD2,gene
657,FYN,gene
659,FZD10,gene
660,FZD2,gene
662,FZD4,gene
663,FZD5,gene
666,FZD8,gene
667,FZD9,gene
668,G6PC2,gene
669,G6PC3,gene
670,GAB1,gene
671,GAB2,gene
677,GADD45A,gene
678,GADD45B,gene
679,GADD45G,gene
681,GAPDH,gene
686,GCK,gene
690,GDNF,gene
691,GFAP,gene
692,GH1,gene
693,GH2,gene
699,GK2,gene
700,GLI1,gene
701,GLI2,gene
702,GLI3,gene
704,GNA11,gene
706,GNA13,gene
709,GNAI1,gene
710,GNAI2,gene
711,GNAI3,gene
713,GNAO1,gene
714,GNAQ,gene
715,GNAS,gene
716,GNB1,gene
717,GNB2,gene
718,GNB3,gene
719,GNB4,gene
720,GNB5,gene
721,GNG10,gene
722,GNG11,gene
723,GNG12,gene
724,GNG13,gene
725,GNG2,gene
726,GNG3,gene
727,GNG4,gene
728,GNG5,gene
729,GNG7,gene
730,GNG8,gene
731,GNGT1,gene
732,GNGT2,gene
738,GPRC6A,gene
740,GRB10,gene
741,GRB2,gene
762,GRM2,gene
763,GRM3,gene
768,GRM8,gene
771,GSK3B,gene
774,GTSE1,gene
776,GYS2,gene
778,HBEGF,gene
782,HCK,gene
783,HDAC1,gene
784,HDAC2,gene
785,HDAC3,gene
786,HDAC4,gene
788,HES1,gene
789,HES5,gene
790,HEY1,gene
793,HGF,gene
797,HIF1A,gene
800,HK2,gene
801,HK3,gene
803,HMGCR,gene
804,HMGCS1,gene
805,HMGCS2,gene
806,HMOX1,gene
808,HOMER1,gene
810,HOMER3,gene
811,HRAS,gene
815,HSP90AA1,gene
816,HSP90AB1,gene
817,HSP90B1,gene
818,HSPA1A,gene
820,HSPA1L,gene
822,HSPA6,gene
823,HSPA8,gene
828,HTR1E,gene
837,ICAM1,gene
838,ICOS,gene
845,IFNA1,gene
846,IFNA10,gene
847,IFNA13,gene
848,IFNA14,gene
849,IFNA16,gene
850,IFNA17,gene
851,IFNA2,gene
852,IFNA21,gene
853,IFNA4,gene
854,IFNA5,gene
855,IFNA6,gene
856,IFNA7,gene
857,IFNA8,gene
859,IFNAR2,gene
860,IFNB1,gene
861,IFNE,gene
862,IFNG,gene
863,IFNGR1,gene
864,IFNGR2,gene
865,IFNK,gene
866,IFNL1,gene
867,IFNL2,gene
868,IFNL3,gene
870,IFNW1,gene
871,IGF1,gene
872,IGF1R,gene
873,IGF2,gene
874,IGFBP3,gene
876,IKBKB,gene
878,IL10,gene
880,IL10RB,gene
881,IL11,gene
883,IL12A,gene
884,IL12B,gene
887,IL13,gene
888,IL15,gene
893,IL17D,gene
897,IL17RC,gene
899,IL18,gene
900,IL19,gene
901,IL1A,gene
902,IL1B,gene
905,IL2,gene
906,IL20,gene
908,IL20RB,gene
909,IL21,gene
911,IL22,gene
914,IL23A,gene
916,IL24,gene
921,IL3,gene
922,IL4,gene
924,IL5,gene
926,IL6,gene
927,IL6R,gene
928,IL6ST,gene
929,IL7,gene
930,IL7R,gene
931,IL9,gene
932,ILK,gene
939,INS,gene
942,INSR,gene
945,IRAK2,gene
948,IRF1,gene
949,IRF3,gene
950,IRF5,gene
951,IRF7,gene
952,IRF9,gene
953,IRS1,gene
954,IRS2,gene
956,ITCH,gene
967,ITGA8,gene
971,ITGAV,gene
974,ITGB3,gene
980,ITK,gene
984,JAG1,gene
986,JAK1,gene
987,JAK2,gene
988,JAK3,gene
989,JMJD7-PLA2G4B,gene
990,JUN,gene
991,JUND,gene
992,KAT2A,gene
993,KAT2B,gene
1000,KCNJ5,gene
1003,KCNJ9,gene
1010,KDR,gene
1013,KIF7,gene
1014,KIT,gene
1015,KITLG,gene
1016,KLF2,gene
1017,KLF4,gene
1019,KRAS,gene
1021,KRT10,gene
1022,KRT12,gene
1023,KRT13,gene
1024,KRT14,gene
1025,KRT15,gene
1026,KRT16,gene
1027,KRT17,gene
1028,KRT18,gene
1029,KRT19,gene
1030,KRT20,gene
1031,KRT23,gene
1032,KRT24,gene
1033,KRT25,gene
1034,KRT26,gene
1035,KRT27,gene
1036,KRT28,gene
1037,KRT31,gene
1038,KRT32,gene
1039,KRT33A,gene
1040,KRT33B,gene
1041,KRT34,gene
1042,KRT35,gene
1043,KRT36,gene
1044,KRT37,gene
1045,KRT38,gene
1046,KRT39,gene
1047,KRT40,gene
1048,KRT9,gene
1063,LAMTOR1,gene
1065,LAMTOR3,gene
1068,LAT,gene
1071,LCK,gene
1072,LCN2,gene
1073,LCP2,gene
1074,LDHA,gene
1075,LDHAL6A,gene
1076,LDHAL6B,gene
1078,LDHC,gene
1079,LEF1,gene
1082,LEP,gene
1089,LHCGR,gene
1090,LIF,gene
1104,LIPE,gene
1108,LPAR2,gene
1109,LPAR3,gene
1110,LPAR5,gene
1111,LPAR6,gene
1112,LPIN1,gene
1113,LPIN2,gene
1114,LPIN3,gene
1115,LPL,gene
1119,LSP1,gene
1124,LTBR,gene
1126,LYN,gene
1130,MALT1,gene
1131,MAML1,gene
1132,MAML2,gene
1133,MAML3,gene
1134,MAP2K1,gene
1135,MAP2K2,gene
1136,MAP2K3,gene
1137,MAP2K4,gene
1139,MAP2K6,gene
1140,MAP2K7,gene
1141,MAP3K1,gene
1145,MAP3K14,gene
1147,MAP3K20,gene
1149,MAP3K4,gene
1150,MAP3K5,gene
1152,MAP3K7,gene
1153,MAP3K8,gene
1158,MAPK1,gene
1159,MAPK10,gene
1160,MAPK11,gene
1161,MAPK12,gene
1162,MAPK13,gene
1163,MAPK14,gene
1164,MAPK15,gene
1165,MAPK3,gene
1166,MAPK4,gene
1167,MAPK6,gene
1168,MAPK7,gene
1169,MAPK8,gene
1170,MAPK8IP1,gene
1172,MAPK8IP3,gene
1173,MAPK9,gene
1175,MAPKAPK2,gene
1176,MAPKAPK3,gene
1177,MAPKAPK5,gene
1178,MAPT,gene
1179,MATK,gene
1180,MAVS,gene
1181,MAX,gene
1183,MCL1,gene
1184,MDM2,gene
1186,ME1,gene
1187,ME3,gene
1189,MED1,gene
1190,MED12L,gene
1191,MED13,gene
1192,MED13L,gene
1193,MED16,gene
1194,MED17,gene
1195,MED24,gene
1196,MED27,gene
1197,MED30,gene
1198,MED4,gene
1199,MEF2A,gene
1200,MEF2B,gene
1201,MEF2C,gene
1202,MEF2D,gene
1205,MET,gene
1212,MKNK2,gene
1214,MLST8,gene
1215,MLYCD,gene
1216,MMP1,gene
1217,MMP13,gene
1218,MMP14,gene
1219,MMP2,gene
1220,MMP3,gene
1222,MMP9,gene
1227,MRAS,gene
1228,MS4A2,gene
1229,MST1,gene
1230,MST1R,gene
1231,MTOR,gene
1232,MUC5B,gene
1233,MYB,gene
1234,MYC,gene
1236,MYH6,gene
1237,MYH7,gene
1251,NCF1,gene
1253,NCK2,gene
1254,NCOA1,gene
1255,NCOA2,gene
1256,NCOA3,gene
1257,NCOR1,gene
1258,NCOR2,gene
1264,NFATC1,gene
1265,NFATC2,gene
1266,NFATC3,gene
1267,NFATC4,gene
1268,NFKB1,gene
1269,NFKB2,gene
1270,NFKBIA,gene
1271,NFKBIB,gene
1272,NFKBIE,gene
1273,NGF,gene
1274,NGFR,gene
1277,NLK,gene
1279,NLRP1,gene
1280,NLRP12,gene
1281,NLRP3,gene
1286,NOD2,gene
1289,NOS1,gene
1290,NOS2,gene
1291,NOS3,gene
1298,NPPA,gene
1299,NPPB,gene
1305,NPY,gene
1307,NR1H3,gene
1308,NR4A1,gene
1309,NRAS,gene
1313,NRG3,gene
1316,NTF3,gene
1317,NTF4,gene
1318,NTRK1,gene
1319,NTRK2,gene
1320,NTRK3,gene
1324,OLR1,gene
1326,OPRM1,gene
1330,OSM,gene
1331,OSMR,gene
1335,PAK1,gene
1336,PAK2,gene
1341,PARD6A,gene
1343,PARD6G,gene
1344,PCK1,gene
1345,PCK2,gene
1352,PDE3B,gene
1353,PDE4A,gene
1357,PDGFA,gene
1358,PDGFB,gene
1359,PDGFC,gene
1360,PDGFD,gene
1361,PDGFRA,gene
1362,PDGFRB,gene
1365,PDK1,gene
1366,PDPK1,gene
1367,PERP,gene
1370,PFKFB2,gene
1371,PFKFB3,gene
1374,PFKM,gene
1381,PGF,gene
1383,PGR,gene
1389,PIAS1,gene
1390,PIAS2,gene
1391,PIAS3,gene
1392,PIAS4,gene
1394,PIK3AP1,gene
1396,PIK3CA,gene
1397,PIK3CB,gene
1398,PIK3CD,gene
1399,PIK3CG,gene
1400,PIK3R1,gene
1401,PIK3R2,gene
1402,PIK3R3,gene
1404,PIK3R5,gene
1405,PIK3R6,gene
1406,PIM1,gene
1411,PKN1,gene
1412,PKN2,gene
1413,PKN3,gene
1414,PLA1A,gene
1416,PLA2G12A,gene
1417,PLA2G12B,gene
1419,PLA2G2A,gene
1420,PLA2G2C,gene
1422,PLA2G2E,gene
1423,PLA2G2F,gene
1424,PLA2G3,gene
1425,PLA2G4A,gene
1426,PLA2G4B,gene
1427,PLA2G4C,gene
1428,PLA2G4D,gene
1429,PLA2G4E,gene
1430,PLA2G4F,gene
1431,PLA2G5,gene
1432,PLA2G6,gene
1434,PLAU,gene
1435,PLCB1,gene
1436,PLCB2,gene
1437,PLCB3,gene
1438,PLCB4,gene
1443,PLCG1,gene
1444,PLCG2,gene
1446,PLD1,gene
1448,PLIN1,gene
1449,PLIN2,gene
1450,PLIN4,gene
1451,PLIN5,gene
1456,PLN,gene
1457,PLTP,gene
1462,PPARA,gene
1463,PPARD,gene
1464,PPARG,gene
1465,PPARGC1A,gene
1471,PPP1CA,gene
1472,PPP1CB,gene
1473,PPP1CC,gene
1479,PPP1R3B,gene
1483,PPP2CA,gene
1484,PPP2CB,gene
1485,PPP2R1A,gene
1486,PPP2R1B,gene
1487,PPP2R2A,gene
1488,PPP2R2B,gene
1489,PPP2R2C,gene
1490,PPP2R2D,gene
1491,PPP2R3A,gene
1492,PPP2R3C,gene
1493,PPP2R5A,gene
1494,PPP2R5B,gene
1495,PPP2R5C,gene
1496,PPP2R5D,gene
1497,PPP2R5E,gene
1499,PPP3CB,gene
1500,PPP3CC,gene
1502,PPP3R2,gene
1508,PREX1,gene
1512,PRKAA1,gene
1513,PRKAA2,gene
1514,PRKAB1,gene
1515,PRKAB2,gene
1516,PRKACA,gene
1517,PRKACB,gene
1518,PRKACG,gene
1519,PRKAG1,gene
1520,PRKAG2,gene
1521,PRKAG3,gene
1526,PRKCA,gene
1527,PRKCB,gene
1528,PRKCD,gene
1529,PRKCE,gene
1530,PRKCG,gene
1531,PRKCI,gene
1532,PRKCQ,gene
1533,PRKCZ,gene
1535,PRKD2,gene
1536,PRKD3,gene
1538,PRKG2,gene
1539,PRL,gene
1540,PRLR,gene
1548,PTCH1,gene
1549,PTCH2,gene
1551,PTEN,gene
1555,PTGFR,gene
1556,PTGS2,gene
1557,PTK2,gene
1558,PTK2B,gene
1559,PTPN1,gene
1560,PTPN11,gene
1561,PTPN2,gene
1562,PTPN5,gene
1563,PTPN6,gene
1564,PTPN7,gene
1565,PTPRC,gene
1566,PTPRF,gene
1567,PTPRR,gene
1568,PXN,gene
1569,PYCARD,gene
1583,RAC1,gene
1584,RAC2,gene
1585,RAC3,gene
1586,RAF1,gene
1590,RALB,gene
1593,RAP1A,gene
1594,RAP1B,gene
1596,RAPGEF1,gene
1602,RARA,gene
1610,RASGRF1,gene
1616,RASSF1,gene
1624,RBPJ,gene
1625,RBPJL,gene
1628,RCAN2,gene
1631,RELA,gene
1634,RET,gene
1637,RGL2,gene
1641,RGS2,gene
1642,RHEB,gene
1643,RHOA,gene
1644,RHOQ,gene
1645,RICTOR,gene
1646,RIN1,gene
1647,RIPK1,gene
1658,ROCK1,gene
1659,ROCK2,gene
1663,RPS6,gene
1665,RPS6KA2,gene
1666,RPS6KA4,gene
1667,RPS6KA5,gene
1668,RPS6KB1,gene
1669,RPS6KB2,gene
1670,RPTOR,gene
1671,RRAGA,gene
1672,RRAGC,gene
1673,RRAGD,gene
1674,RRAS,gene
1675,RRAS2,gene
1676,RRM2,gene
1677,RRM2B,gene
1685,RXFP3,gene
1687,RXRA,gene
1688,RXRB,gene
1689,RXRG,gene
1694,S100A7,gene
1695,S100A7A,gene
1696,S100A8,gene
1697,S100A9,gene
1698,S1PR1,gene
1704,SCD,gene
1705,SCD5,gene
1706,SCP2,gene
1710,SELE,gene
1713,SERPINE1,gene
1724,SGK1,gene
1725,SGK2,gene
1726,SGK3,gene
1728,SH2B2,gene
1729,SH2B3,gene
1732,SHC1,gene
1733,SHC2,gene
1734,SHC3,gene
1735,SHC4,gene
1737,SHISA5,gene
1739,SIAH1,gene
1740,SIK1,gene
1743,SIN3A,gene
1747,SIVA1,gene
1753,SLC27A1,gene
1754,SLC27A4,gene
1755,SLC2A1,gene
1756,SLC2A2,gene
1757,SLC2A4,gene
1764,SLC9A1,gene
1765,SMAD1,gene
1766,SMAD2,gene
1767,SMAD3,gene
1769,SMAD5,gene
1770,SMAD6,gene
1771,SMAD7,gene
1772,SMAD9,gene
1778,SNW1,gene
1779,SOCS1,gene
1780,SOCS2,gene
1781,SOCS3,gene
1782,SOCS4,gene
1783,SOCS5,gene
1784,SOCS6,gene
1785,SOCS7,gene
1787,SORBS1,gene
1789,SOS1,gene
1790,SOS2,gene
1795,SP1,gene
1796,SPHK1,gene
1797,SPHK2,gene
1798,SPOP,gene
1799,SPOPL,gene
1801,SRC,gene
1803,SRF,gene
1804,SRSF1,gene
1811,STAT1,gene
1812,STAT2,gene
1813,STAT3,gene
1814,STAT4,gene
1815,STAT5A,gene
1816,STAT5B,gene
1817,STAT6,gene
1818,STEAP3,gene
1821,STK11,gene
1822,STK3,gene
1823,STK4,gene
1824,STMN1,gene
1825,STRADA,gene
1826,STRADB,gene
1828,SUFU,gene
1830,SYK,gene
1833,TAB2,gene
1841,TBC1D1,gene
1843,TBC1D7,gene
1844,TBK1,gene
1850,TCF7,gene
1851,TCF7L1,gene
1852,TCF7L2,gene
1854,TCL1B,gene
1856,TEAD2,gene
1859,TEC,gene
1860,TEK,gene
1861,TELO2,gene
1862,TF,gene
1865,TFF1,gene
1866,TFRC,gene
1867,TGFA,gene
1872,TGFBR2,gene
1875,TH,gene
1876,THBD,gene
1882,THPO,gene
1883,THRA,gene
1884,THRB,gene
1890,TLE1,gene
1891,TLE2,gene
1892,TLE3,gene
1893,TLE4,gene
1894,TLE6,gene
1900,TLR4,gene
1904,TNC,gene
1905,TNF,gene
1906,TNFAIP3,gene
1909,TNFRSF11A,gene
1911,TNFRSF1A,gene
1912,TNFRSF1B,gene
1914,TNFSF11,gene
1922,TP53,gene
1926,TP53I3,gene
1928,TRADD,gene
1929,TRAF1,gene
1930,TRAF2,gene
1932,TRAF3IP2,gene
1935,TRAF6,gene
1941,TRPC6,gene
1942,TSC1,gene
1943,TSC2,gene
1946,TSLP,gene
1947,TTI1,gene
1951,TYK2,gene
1952,UBC,gene
1953,UCP1,gene
1954,ULK1,gene
1955,ULK2,gene
1956,USP25,gene
1964,VCAM1,gene
1968,VEGFA,gene
1969,VEGFB,gene
1970,VEGFC,gene
1988,WNT4,gene
2000,WWTR1,gene
2004,YAP1,gene
2005,YWHAB,gene
2006,YWHAE,gene
2009,YWHAQ,gene
2011,ZAP70,gene
2017,Celecoxib,drug
2018,Cladribine,drug
2019,Dasatinib,drug
2020,Docetaxel,drug
2021,Everolimus,drug
2022,Fulvestrant,drug
2023,Gefitinib,drug
2024,Lenalidomide,drug
2025,Megestrol acetate,drug
2026,Mitotane,drug
2027,Nilotinib,drug
2028,Paclitaxel,drug
2029,Romidepsin,drug
2030,Sirolimus,drug
2031,Streptozocin,drug
2032,Thalidomide,drug
2033,Tretinoin,drug
2034,Vorinostat,drug
