gene_idx,gene_name,degree
1,ABL1,2.9929210439999996
2,ABL2,1.42713648
3,ACAA1,1.373085186
4,ACACA,0.9276484102705062
5,ACACB,1.1775847935067
6,ACADL,1.6591289599999999
7,ACADM,1.537951259
8,ACOX1,2.2823632839999997
9,ACOX2,2.418404788
10,ACOX3,1.8243271647999997
11,ACSBG1,1.7509560411999998
12,ACSBG2,2.237104532
13,ACSL1,2.2759940896
14,ACSL3,2.0369534932000004
15,ACSL5,2.29629144206
16,ACSL6,2.024836404
17,ACTA2,0.12793759943896205
18,ACTB,0.6044379686941116
19,ACTG1,0.5557219985697317
20,ACVR1,2.7407912868079998
21,ACVR1B,0.18255578088536067
22,ACVR1C,0.19352034057228873
23,ACVR2A,0.4974012319856258
24,ACVR2B,0.1919121847403216
25,ADAM17,0.05252814170002222
26,ADCY1,1.2573076905678862
27,ADCY10,0.4403998886367634
28,ADCY2,1.0820915181795545
29,ADCY3,0.9778610443396305
30,ADCY4,1.1919388255642844
31,ADCY5,1.2378730434910896
32,ADCY6,1.039792305464766
33,ADCY7,1.3684901913011025
34,ADCY8,1.3620056525772322
35,ADCY9,1.1744001147520189
36,ADCYAP1,0.2546339938429173
37,ADCYAP1R1,0.17709129166256854
38,ADGRB1,0.241514658
39,ADIPOQ,1.9237914005999999
40,ADIPOR1,0.26919121067771135
41,ADIPOR2,0.2240390306949011
42,ADORA1,0.45856187624471473
43,ADORA2A,0.10305160625875205
44,ADORA2B,0.03239261141921628
45,ADORA3,0.2808635056045481
46,ADRA1A,1.273793628644022
47,ADRA1B,0.013237692762919738
48,ADRA1D,0.06174436985054894
49,ADRA2A,0.04102113654396467
50,ADRA2B,0.059063786335563355
51,ADRA2C,0.042657817858576426
52,ADRB1,0.29280821471265067
53,ADRB2,0.4219138529356283
54,ADRB3,0.29267743194791795
55,AFDN,0.554012781878913
56,AFP,0.00919996368068454
57,AGAP2,1.3038330625700976
58,AGER,3.6077561338039996
59,AGRP,1.00707937552
60,AGT,0.15560461720426633
61,AGTR1,0.5894445274012837
62,AIFM2,0.2240328049999999
63,AIM2,0.048940222851644455
64,AJUBA,6.17234368567936e-05
65,AKT1,26.61705400304801
66,AKT1S1,5.740392922800001
67,AKT2,25.983606085500004
68,AKT3,25.392007248709998
69,ALDOA,0.5344251442999999
70,ALDOB,0.5778034014
71,ALDOC,0.6015927282
72,AMH,1.2797549228939997
73,AMHR2,0.10905484650606506
74,ANAPC5,0.1478372150024174
75,ANGPT1,8.768433626799998
76,ANGPT2,7.9158466816
77,ANGPT4,7.8374558318000025
78,ANGPTL4,2.112618107
79,AOX1,1.9833109378
80,APAF1,0.0384897249176267
81,APBB1IP,0.12078835413050003
82,APC,0.041424168706290065
83,APC2,0.07502410106910254
84,APH1A,0.06684120654957383
85,APH1B,0.06231974993079212
86,APLNR,0.3752233220839567
87,APOA1,2.035898254
88,APOA2,2.00035932
89,APOA5,1.9126887088000002
90,APOC3,1.898791706
91,AQP7,1.6681494110000001
92,ARAP3,0.2406820816
93,AREG,8.042712118799999
94,ARF1,0.08792790458272504
95,ARF6,0.1351042279578298
96,ARHGDIA,0.13364256893999998
97,ARHGDIB,0.27398257806
98,ARHGDIG,0.21059971919999998
99,ARHGEF12,0.6527304131047131
100,ARNT,9.079009279112
101,ARRB1,0.697470142081435
102,ARRB2,0.6054134216608779
103,ASPH,0.037436656497352144
104,ATF2,11.62159214472
105,ATF4,9.58707093998
106,ATF6B,4.41490197574
107,ATG12,0.13356420065827718
108,ATG16L1,0.02459921784202787
109,ATG5,0.08688328486896055
110,ATM,0.3476304366184881
111,ATP1A1,1.5332289180320562
112,ATP1A2,1.4538194563338533
113,ATP1A3,1.306693203753719
114,ATP1A4,1.280607343065157
115,ATP1B1,1.6038126581275365
116,ATP1B2,1.6756812832807615
117,ATP1B3,1.629682950863994
118,ATP2A1,0.35142308044442416
119,ATP2A2,0.41684267178557477
120,ATP2A3,0.37137165400806904
121,ATP2B1,0.0643208292077361
122,ATP2B2,0.0740952811019402
123,ATP2B4,0.1032030741514683
124,ATP6V1A,0.003113003352390905
125,ATP6V1B1,0.020074896583217695
126,ATP6V1B2,0.043375869959022456
127,ATP6V1C1,0.07292446943620695
128,ATP6V1C2,0.010478434396721565
129,ATP6V1D,0.0013979024395907496
130,ATP6V1E1,0.006545596148881034
131,ATP6V1E2,0.10088025432678988
132,ATP6V1F,0.009727444827822042
133,ATP6V1G1,0.0550176380092008
134,ATP6V1G2,0.021746426224774688
135,ATP6V1G3,0.0007669624332236895
136,ATP6V1H,0.002225113591951564
137,ATR,0.233363480378
138,ATXN1,0.3672886508
139,ATXN1L,0.1589663669999999
140,AVP,0.13901292710770927
141,AVPR1A,0.8762348603634559
142,AVPR1B,0.8108262959513252
143,AXIN1,0.19284714506774622
144,AXIN2,0.1341970303143153
145,AZI2,0.022523547838225345
146,BAD,2.9905240548
147,BAG4,0.0731519474
148,BAMBI,0.2766055310390791
149,BAX,4.021139262999999
150,BBC3,0.2525020279887731
151,BCAR1,0.6504827709467537
152,BCL10,4.4864309874199995
153,BCL2,34.585892755
154,BCL2A1,0.6756747288
155,BCL2L1,4.2028883368
156,BCL2L11,0.101218859456
157,BCL3,1.38635970988
158,BCL6,0.20637529465999999
159,BDKRB1,0.023416650780098178
160,BDKRB2,0.44029991271133045
161,BDNF,10.0589642144
162,BECN1,0.002609353477520549
163,BID,0.437619964635378
164,BIRC2,1.8208005441039998
165,BIRC3,1.6182429124800002
166,BIRC5,0.03698629773200782
167,BLNK,0.3094838793095764
168,BMP2,0.4761104672225739
169,BMP4,0.5124994339503557
170,BMP5,0.21791398497321132
171,BMP6,0.35861723840781123
172,BMP7,0.1533813925333739
173,BMP8A,0.17954980329312348
174,BMP8B,0.19250114843533322
175,BMPR1A,3.68853734952
176,BMPR1B,3.0975790855999996
177,BMPR2,2.5577283216999995
178,BNIP3,0.16801382262
179,BOC,0.0031315596037693187
180,BORCS8-MEF2B,2.14532463
181,BRAF,0.6394434448806827
182,BRAP,0.43386054122035456
183,BRCA1,0.4569126708
184,BTC,0.5023427595999999
185,BTRC,0.3899056307378655
186,CAB39,1.0601645425383857
187,CAB39L,0.9630148183764736
188,CACNA1C,0.14518356652693534
189,CACNA1D,0.22575521029425938
190,CACNA1S,0.055577732156735345
191,CACNA2D1,0.000265447379031
192,CACNA2D2,0.0099083849961386
193,CACNA2D3,0.024195456469852
194,CACNA2D4,5.60607320548096e-05
195,CACNB1,0.0011780142146
196,CACNB2,1.486783771294864e-05
197,CACNB3,2.9620505130288e-05
198,CACNB4,0.0027593782245395
199,CACNG1,1.557756619992964e-05
200,CACNG2,0.000238994987374
201,CACNG3,0.0004424938469538
202,CACNG4,0.0107954686674801
203,CACNG5,6.3753345796e-06
204,CACNG6,6.114214267789801e-07
205,CACNG7,3.8693583416042e-08
206,CACNG8,0.0097183809155848
207,CACYBP,0.048663856759493196
208,CALM1,1.241201192127928
209,CALM2,1.0123379335288993
210,CALM3,1.1022449503448766
211,CALML3,0.8108412171008477
212,CALML4,1.2632786308699944
213,CALML5,0.8846801595706987
214,CALML6,0.9981403920934339
215,CAMK1,0.14573005773747516
216,CAMK1D,0.0753968687374109
217,CAMK1G,0.07196295204095368
218,CAMK2A,0.641886486005469
219,CAMK2B,0.6775397902373324
220,CAMK2D,0.7113949690363701
221,CAMK2G,0.8408306047576465
222,CAMK4,5.949633554709998
223,CAMKK2,1.2199912689327355
224,CAMP,1.1779229119999999
225,CARD10,0.2152773904630716
226,CARD11,0.4843616949650527
227,CARD14,0.09132842419058121
228,CARD16,0.0550678818501363
229,CARD17,3.943144423856671e-05
230,CARD18,3.2484504802580795e-05
231,CARD6,2.130983298808e-06
232,CARD8,0.0389886108
233,CARD9,4.463895612839999
234,CASP1,0.34029342623736997
235,CASP10,0.4757461291819989
236,CASP12,8.2459708272907e-06
237,CASP3,5.636828996659999
238,CASP4,0.0254790150251876
239,CASP5,5.110670699144e-08
240,CASP7,0.00034409879046966996
241,CASP8,1.062552144285742
242,CASP9,0.5666799774236226
243,CASQ1,0.04981594128308027
244,CASQ2,0.1074449623629613
245,CASR,0.651545417
246,CASTOR1,0.021870556650498526
247,CASTOR2,1.0906727119e-08
248,CAT,0.1302696582
249,CBL,0.557627071406
250,CBLB,2.379560773
251,CCKAR,0.027444250867757574
252,CCKBR,0.008530120942544094
253,CCL1,0.10113958935368872
254,CCL11,2.895388738572
255,CCL13,0.20039727080246295
256,CCL14,0.10820056793798949
257,CCL15,0.007459697422924739
258,CCL16,0.0528633889912022
259,CCL17,2.7616398342
260,CCL18,0.0368392011620657
261,CCL19,0.1216079144353148
262,CCL2,2.6133229244879996
263,CCL20,2.663705385165999
264,CCL21,0.12274981200660322
265,CCL22,1.0653036205416
266,CCL23,0.19113383632737702
267,CCL24,0.07315751924400252
268,CCL25,0.09355367295203762
269,CCL26,0.18210252272035277
270,CCL27,0.13498664285330764
271,CCL28,0.06662210834017958
272,CCL3,2.0981564626519997
273,CCL3L1,1.9906545910973994
274,CCL3L3,1.7643159200419996
275,CCL4,2.0237889898959995
276,CCL4L1,1.4992815337719996
277,CCL4L2,1.624422337847095
278,CCL5,1.6767109949039993
279,CCL7,2.8791170881719994
280,CCL8,0.08799851989933606
281,CCNA1,1.26473392098e-07
282,CCNA2,0.0167796954438008
283,CCNB1,0.3894626960397416
284,CCNB2,0.3211843614227445
285,CCND1,7.371367875286001
286,CCND2,4.167755832771999
287,CCND3,3.6792246276080003
288,CCNE1,0.6844431582982671
289,CCNE2,0.8189555954299376
290,CCNG1,0.1232326595999999
291,CCNG2,0.28648088152599993
292,CCR1,1.4017097581751483
293,CCR10,1.6001775548689345
294,CCR2,1.3446627329102154
295,CCR3,1.5378743796311862
296,CCR4,1.3840126778163784
297,CCR5,1.2234096796255856
298,CCR6,1.7916665565528918
299,CCR7,1.2720142643949208
300,CCR8,1.61701862382642
301,CCR9,1.4952862570913517
302,CD14,0.1480348436469165
303,CD19,1.93759865382
304,CD209,0.15394088
305,CD22,0.0140147805691943
306,CD247,0.4632360826
307,CD28,1.15496969984
308,CD36,4.1112401566
309,CD38,0.6091882711999999
310,CD3E,0.40084374
311,CD4,0.482371468
312,CD40,0.32931006289712994
313,CD72,7.691634596507524e-05
314,CD79A,0.270812458
315,CD79B,0.302031208
316,CD80,2.394459935465e-06
317,CD82,0.1534369724
318,CD86,0.0077810700649018
319,CD8A,0.464712084
320,CD8B,0.300340712
321,CDC25B,1.0451202253999998
322,CDC37,0.6425074925243125
323,CDC42,4.313099819134
324,CDH1,0.2230923427356651
325,CDK1,0.19773724985525537
326,CDK2,0.5424643488682888
327,CDK4,2.76742654342
328,CDK6,0.4560079476662727
329,CDKN1A,6.776293069399999
330,CDKN1B,1.5044305643548637
331,CDKN2A,0.0171126178046255
332,CDKN2B,0.8476368015399997
333,CDKN2D,0.1416025942
334,CDON,0.12339445408103625
335,CEBPB,9.681859719
336,CER1,0.2238610398547542
337,CFLAR,0.6699917891799999
338,CFTR,1.5524947811459997
339,CGA,0.18501032210178048
340,CHAD,0.31529477348406104
341,CHD8,0.0001104527651749
342,CHEK1,0.264664256178
343,CHEK2,0.2641819955184882
344,CHRD,0.05102419423885566
345,CHRM1,0.9115549161794682
346,CHRM2,0.6631354763876129
347,CHRM3,0.017859711829620345
348,CHRM5,0.06740643555524689
349,CHUK,8.23306854112
350,CIR1,1.867752333
351,CISH,2.3586962356
352,CLEC1B,0.06633428602
353,CLEC4D,0.1570389399294914
354,CLEC4E,0.08758538922949138
355,CLEC4M,0.1126247332
356,CLEC6A,0.22073059163999997
357,CLEC7A,0.14203131740000002
358,CLIP1,0.456232018
359,CNR1,0.56056739786
360,CNTF,1.8971201525699994
361,CNTFR,4.281051944373999
362,COL1A1,0.8843149372738516
363,COL1A2,0.8226697349738996
364,COL2A1,0.2609194469268799
365,COL3A1,0.125280505
366,COL4A1,0.49515220239505364
367,COL4A2,0.5906939912299087
368,COL4A3,0.41001803622483085
369,COL4A4,0.4256533882721287
370,COL6A1,0.4021623486433694
371,COL6A2,0.5072100767543559
372,COL6A3,0.235425266485153
373,COL6A5,0.22052672954114158
374,COL6A6,0.27225401419776085
375,COL9A1,0.22668316351883083
376,COL9A2,0.1490909170962963
377,COL9A3,0.2990819296394799
378,COMP,0.26608991225057554
379,COP1,0.124185724
380,CPT1A,5.958843524080001
381,CPT1B,5.8239361168
382,CPT1C,4.685945643659999
383,CPT2,1.5451237759999998
384,CREB1,10.558670560579998
385,CREB3,10.546690084519998
386,CREB3L1,10.539496067199996
387,CREB3L2,11.33556208374
388,CREB3L3,12.1789002944
389,CREB3L4,10.90367274686
390,CREB5,9.359233444259996
391,CREBBP,21.88370320698
392,CRK,10.3589761008
393,CRKL,10.462679893399999
394,CRTC2,3.9006982803926364
395,CSF1,6.564477521799999
396,CSF1R,15.250538798600003
397,CSF2,7.004670325689999
398,CSF2RB,4.748247398212599
399,CSF3,5.031344573217199
400,CSF3R,3.9068577878880544
401,CSH1,3.3092796562593993
402,CSH2,2.6689330664319995
403,CSN2,1.2928930036
404,CSNK1A1,0.08365406496424099
405,CSNK1A1L,0.1886081412807715
406,CSNK1D,0.2667452335428827
407,CSNK1E,0.500557467897159
408,CSNK1G1,0.1848024402766413
409,CSNK1G2,0.1315286402109271
410,CSNK1G3,0.09580824059444712
411,CSNK2A1,0.0485442616260411
412,CSNK2A2,0.02506298155096929
413,CSNK2A3,0.11371134764378316
414,CSNK2B,0.0285886749406041
415,CTBP1,2.7401308937999995
416,CTBP2,2.67356917628
417,CTF1,3.460502576846
418,CTLA4,0.0020443237942203
419,CTNNA1,0.045177487162401594
420,CTNNA2,0.07431545106623016
421,CTNNA3,0.055297358974517
422,CTNNB1,0.8428780786921166
423,CTNNBIP1,0.067301931323831
424,CTNND1,6.29893872169538e-05
425,CTNND2,0.006823802293028238
426,CTSB,0.02675395844
427,CTSD,2.0407059999999997
428,CUL1,0.5120352721440061
429,CUL3,0.42666354264999257
430,CX3CL1,0.1361870662770335
431,CX3CR1,1.7680595615842987
432,CXCL1,2.4379573734859994
433,CXCL10,2.8326305922280004
434,CXCL11,0.2858237723688933
435,CXCL12,0.1929263181232458
436,CXCL13,0.19551148421028208
437,CXCL14,0.1415628524944533
438,CXCL16,0.11543025482090037
439,CXCL2,2.09712357583
440,CXCL3,3.2146551216279997
441,CXCL5,2.9802955766199997
442,CXCL6,2.54013560336
443,CXCL8,3.888371598535199
444,CXCL9,0.23873873706744242
445,CXCR1,2.1912075236836484
446,CXCR2,2.377708301098517
447,CXCR4,1.4622684260210184
448,CXCR5,1.8910890614011477
449,CXCR6,1.3754387869408748
450,CXXC4,0.017573489610060798
451,CYCS,0.010131803087555092
452,CYLD,0.26451933267721345
453,CYP17A1,0.1924848866
454,CYP27A1,1.8346573331999998
455,CYP7A1,1.273272034
456,CYP8B1,1.7220775837999998
457,CYSLTR2,0.052096020480602204
458,CYTH1,0.0332995576016137
459,CYTH2,3.107139394e-07
460,CYTH3,1.214344109724e-05
461,CYTH4,0.0346162178216714
462,DAAM1,0.24383408512355814
463,DAAM2,0.1289280535732599
464,DAB2IP,0.5214486995200001
465,DAPP1,0.8863432161999999
466,DAXX,0.06258175956656353
467,DBI,1.9338625048
468,DCHS1,0.021255691931820715
469,DCHS2,0.012940674748848817
470,DCN,0.014154668436124715
471,DDB2,0.1640111892
472,DDIT3,1.552498668
473,DDIT4,0.0862255577863929
474,DDX58,0.21351911292674564
475,DEFB4A,2.1122685469999998
476,DEFB4B,2.2047438296
477,DEPDC5,0.17734125344829457
478,DEPTOR,0.696898942
479,DHH,0.02592378176200139
480,DHX33,0.024850151193061457
481,DHX58,0.00029056099959845
482,DIAPH1,0.1363815945999999
483,DISP1,0.0240990985765256
484,DKK1,0.0012952576453445453
485,DKK2,3.64355944085254e-06
486,DKK4,0.0705149245720929
487,DLG1,1.7067392710199996
488,DLG2,0.03506595895388393
489,DLG4,0.09259587535585463
490,DLG5,0.10574442231292774
491,DLL1,0.03781767987070623
492,DLL3,0.009867822649700498
493,DLL4,0.00031964231093759606
494,DNM1L,0.0061356218288632905
495,DOCK2,2.2881522160000003
496,DOCK4,0.1974229881399999
497,DRD1,0.08473230270684512
498,DRD2,0.4855073558620141
499,DRD5,0.17245274026844942
500,DTX1,0.0564175136511506
501,DTX2,0.027807598307490702
502,DTX3,0.014734570524901201
503,DTX3L,4.789596306039233e-05
504,DTX4,0.04183508093483141
505,DUSP1,0.49185578299999977
506,DUSP10,2.1725097944
507,DUSP16,2.3039469286
508,DUSP2,2.0738638428
509,DUSP3,2.2098753622
510,DUSP4,2.571267581
511,DUSP5,2.0192104312
512,DUSP6,0.5474657108000001
513,DUSP7,2.5831704786
514,DUSP8,2.4178883341999997
515,DVL1,0.5530258917236186
516,DVL2,0.4309047285772844
517,DVL3,0.4097966680164244
518,E2F4,0.28375743378284884
519,E2F5,0.2287145296973708
520,EBAG9,1.7584417408
521,ECSIT,0.0532942084
522,EDAR,0.000863042323951
523,EDARADD,0.086311372283951
524,EDN1,3.2390505876019997
525,EDN2,0.20629041555158198
526,EDN3,0.24227269257721537
527,EDNRA,0.39560817342825466
528,EDNRB,0.47281989303632804
529,EEF2,0.045081162539853
530,EEF2K,1.5442768115998529
531,EFCAB7,0.035762496278315
532,EFNA1,7.143387410399999
533,EFNA2,6.8919209896
534,EFNA3,7.192308308199998
535,EFNA4,6.4993551838
536,EFNA5,7.3645933534
537,EGF,13.76233823926
538,EGFR,52.42970616159999
539,EGLN1,0.5590689024599999
540,EGLN2,0.5666245763999999
541,EGLN3,0.6921148207999999
542,EGR1,0.6631129643619851
543,EGR2,0.7878762339999998
544,EGR3,0.53688306864
545,EHHADH,1.918710934
546,EI24,0.1065567084
547,EIF4B,0.3577900928
548,EIF4E,0.22617323779899562
549,EIF4E1B,0.17140999249512892
550,EIF4E2,0.17269148250361752
551,EIF4EBP1,2.688527818
552,ELAVL1,1.332192815355212
553,ELF5,1.4145565448
554,ELK4,2.025961869
555,ELMO1,1.8627276086999998
556,ELOB,0.13620253127960505
557,ELOC,0.1550739985241927
558,ENAH,0.0133295026360042
559,ENO1,0.9542760199999998
560,ENO2,0.430094337
561,ENO3,0.5318824503999999
562,ENO4,0.4730777004399999
563,EP300,24.36599006119
564,EPHA2,30.5215556732
565,EPO,3.7664747980859987
566,EPOR,4.3508812911800065
567,ERBB2,19.222932239540004
568,ERBB3,16.411987698780003
569,ERBB4,21.084271534839996
570,ERBIN,9.57005128857698e-06
571,EREG,7.3352943074
572,ESR1,27.86357842
573,ESR2,17.5279344324
574,ESRRB,0.0023653889625249
575,ETS1,0.531802147
576,ETS2,0.29480919208
577,EVC,0.031297290575531565
578,EVC2,0.04823604348010105
579,EVL,6.397775323790525e-05
580,EXOC2,0.11853520252247515
581,EXOC7,0.00117070123681954
582,F2,0.07911274596740213
583,F2R,1.903007902295447
584,F2RL3,0.055228255417013
585,F3,0.9605015614
586,FABP1,1.5271042659999998
587,FABP3,2.0656467519999997
588,FABP4,1.8448725739999998
589,FADD,0.3555523317156948
590,FADS2,1.91301034
591,FARP2,1.1628041418
592,FAS,0.21263196395225298
593,FASLG,0.0999191729889915
594,FASN,0.0028540064597417
595,FAT4,0.00966337111133664
596,FBP1,0.0669236125999999
597,FBP2,0.074224704
598,FBXO25,0.18375663517000002
599,FBXO32,0.09438953572
600,FBXW11,0.36804555865826566
601,FCER1A,1.0807307666
602,FCER1G,1.42090040854
603,FCGR2B,0.0091525731911823
604,FFAR2,0.5186703947057625
605,FGF1,8.347437495199998
606,FGF10,9.131273513399998
607,FGF17,8.3750318384
608,FGF18,7.392479934800002
609,FGF19,7.7480482266
610,FGF2,15.812285869999998
611,FGF20,8.773999005799999
612,FGF21,8.246194490999999
613,FGF22,8.763053046000001
614,FGF23,7.3255704314
615,FGF3,8.5002960062
616,FGF4,7.789428944799998
617,FGF5,7.881831221939998
618,FGF6,8.393327061
619,FGF7,8.525624961200002
620,FGF8,8.422004665599998
621,FGF9,8.5777555668
622,FGFR1,18.553200365400002
623,FGFR2,35.36967760820001
624,FGFR3,19.393288746799993
625,FGFR4,19.02620849240001
626,FGR,9.274351861199998
627,FLCN,0.3083410840093434
628,FLNB,0.0856671892
629,FLNC,0.0137001665
630,FLOT1,0.1241776046
631,FLOT2,0.0440612467999999
632,FLT1,19.40363159459999
633,FLT3,15.994062259199994
634,FLT3LG,7.549486943600002
635,FLT4,19.240073290199998
636,FMOD,0.06646188043433321
637,FN1,0.41752622731158984
638,FNIP1,0.2679717006458313
639,FNIP2,0.3510622925471555
640,FOS,20.600688484500004
641,FOSB,13.161550378799992
642,FOSL1,14.159708358759998
643,FOXO1,10.605756383072
644,FOXO3,11.077970699415998
645,FPR1,0.026409524443539993
646,FRAT1,0.009678792541968422
647,FRAT2,0.0853221169688821
648,FRMD1,0.013956119606855466
649,FRMD6,0.026718503244174435
650,FRS2,0.4699718918
651,FSHB,0.17198776246435457
652,FSHR,0.1205006559531003
653,FST,0.0269151451456935
654,FXYD1,0.10155169002369704
655,FXYD2,1.5610399674943611
656,FYB1,0.0864488054882805
657,FYN,5.2018661900000005
658,FZD1,0.8712064630761371
659,FZD10,0.9854440090055459
660,FZD2,1.0393883025332504
661,FZD3,0.8820706752180578
662,FZD4,1.0324942403011617
663,FZD5,1.2234395270029348
664,FZD6,0.7873148251060136
665,FZD7,0.810148864979537
666,FZD8,1.245123618205672
667,FZD9,0.7769437922552199
668,G6PC2,3.3854824414068085
669,G6PC3,2.789371425122758
670,GAB1,6.065422076039999
671,GAB2,6.079807076199999
672,GABARAP,0.1690439075027888
673,GABARAPL1,0.07350679696927104
674,GABARAPL2,0.13126093592718127
675,GABBR1,0.5131879988065796
676,GABBR2,0.5924273722409112
677,GADD45A,1.15697084404
678,GADD45B,1.540302624954
679,GADD45G,1.5182199983599998
680,GALT,0.03757801544
681,GAPDH,0.9348856580999999
682,GAS1,0.013144546225873638
683,GATA4,0.7246203385322542
684,GCG,0.2915100612503474
685,GCGR,0.0404129932917343
686,GCK,1.3106962624
687,GDF5,0.18624134406808082
688,GDF6,0.1850978270837832
689,GDF7,0.17424841657161783
690,GDNF,4.691260906739999
691,GFAP,1.7004293739999998
692,GH1,2.696885985201999
693,GH2,3.3753240357439998
694,GHR,3.956209938780812
695,GHRL,0.12859676549250038
696,GHSR,0.4603396588185339
697,GIP,0.19899846254233308
698,GIPR,0.03970340078084092
699,GK2,1.860816777
700,GLI1,4.06892268976
701,GLI2,4.8730905062600005
702,GLI3,3.470273928507999
703,GLP1R,0.07792063218371155
704,GNA11,1.0246019860942213
705,GNA12,0.3757894913081373
706,GNA13,0.8765316239999403
707,GNA14,0.9165486232543206
708,GNA15,0.7009963020367408
709,GNAI1,17.865944184145995
710,GNAI2,16.801663588954003
711,GNAI3,13.524025818292001
712,GNAL,0.05261862863032508
713,GNAO1,4.764437583979999
714,GNAQ,3.190210220360567
715,GNAS,4.027976716562998
716,GNB1,4.895685317509412
717,GNB2,5.117086327692503
718,GNB3,4.231346063292752
719,GNB4,5.110167926137146
720,GNB5,4.802446569205145
721,GNG10,4.5162004770313455
722,GNG11,5.104122680748137
723,GNG12,4.708926537056021
724,GNG13,4.113879745258468
725,GNG2,4.117553260785779
726,GNG3,5.143229468219178
727,GNG4,4.002191622922032
728,GNG5,4.9581330056741235
729,GNG7,4.964278887084775
730,GNG8,4.345303071961043
731,GNGT1,5.213667042245045
732,GNGT2,5.051398042843001
733,GNRH1,2.7206180770794e-06
734,GNRH2,0.0230830775123666
735,GNRHR,0.07932989230775478
736,GPER1,0.0814434447859999
737,GPR161,0.019916199841944413
738,GPRC6A,0.6655565379999999
739,GRAP2,0.026596478068356598
740,GRB10,1.075211258
741,GRB2,12.475652167980003
742,GREM1,0.09820124031798562
743,GREM2,0.08734379416943426
744,GRIA1,0.18787183654
745,GRIA2,0.07709515756
746,GRIA4,0.063972773108
747,GRIN1,0.13027834422
748,GRIN2A,0.184952780674
749,GRIN2B,0.129792309984
750,GRIN2C,0.11850253609
751,GRIN2D,0.055422743570999994
752,GRIN3A,0.1207049743219998
753,GRIN3B,0.119648734819
754,GRK1,0.10604520946051699
755,GRK2,0.2615692014342288
756,GRK3,0.22310154097580037
757,GRK4,0.09070752973131808
758,GRK5,0.07920817136068065
759,GRK6,0.16483112574985084
760,GRK7,0.10735761030513088
761,GRM1,0.7114433568307112
762,GRM2,0.8728571461486488
763,GRM3,0.753655528496219
764,GRM4,0.8397356629996908
765,GRM5,0.6476890668684714
766,GRM6,0.6062002483811763
767,GRM7,0.6067391953170499
768,GRM8,0.8082700192550362
769,GSDMD,0.04589645052237966
770,GSK3A,0.4544514759999999
771,GSK3B,1.3907015054668275
772,GTF2I,0.0078586672132185
773,GTF2IRD1,0.025581886637113707
774,GTSE1,0.2291966559999999
775,GYS1,1.0191081301699618
776,GYS2,1.3362706132851099
777,HAMP,0.0453494243149232
778,HBEGF,0.8869847867999998
779,HCAR1,0.442795002212395
780,HCAR2,0.4392492957808101
781,HCAR3,0.33131670520617407
782,HCK,2.8116438484599997
783,HDAC1,12.161853759999998
784,HDAC2,11.72988782
785,HDAC3,6.0160479659999995
786,HDAC4,3.085915338
787,HDAC5,0.8306773621999999
788,HES1,0.30839542774
789,HES5,0.4358683299999999
790,HEY1,0.4201878762
791,HEY2,0.2672609708
792,HEYL,0.33280852439999986
793,HGF,7.430196444599999
794,HHAT,1.3467088193635225e-06
795,HHATL,1.3467088193635225e-06
796,HHIP,0.3768278849393395
797,HIF1A,14.634246523426
798,HJV,0.14494747522093163
799,HK1,0.4916556424747349
800,HK2,0.7914983304668072
801,HK3,0.5652919326631342
802,HKDC1,0.4459529382288212
803,HMGCR,1.1208053203399997
804,HMGCS1,1.584624224
805,HMGCS2,1.4930896483999998
806,HMOX1,0.5110918687999999
807,HNF4A,0.2318477135574123
808,HOMER1,1.251538267198724
809,HOMER2,0.757277561503472
810,HOMER3,1.1016972991186806
811,HRAS,16.26911074565999
812,HRC,0.09276902856659908
813,HRH1,0.0087727299732069
814,HRH2,0.023333833138085014
815,HSP90AA1,0.8545321350053061
816,HSP90AB1,0.7730486376430644
817,HSP90B1,0.520839218554227
818,HSPA1A,0.5556150235999999
819,HSPA1B,0.345776296
820,HSPA1L,0.4800368873
821,HSPA2,0.4590610139
822,HSPA6,0.4809140615799999
823,HSPA8,1.2730743807999998
824,HSPB1,0.5411107822000001
825,HTR1A,0.4704168938437295
826,HTR1B,0.31868048030958895
827,HTR1D,0.40842120552298644
828,HTR1E,0.3965059156670902
829,HTR1F,0.2695254249330205
830,HTR2A,0.0028985635614095307
831,HTR2B,0.022939086873726415
832,HTR4,0.19622901280967073
833,HTR5A,0.0645381751376595
834,HTR6,0.09019367507461834
835,HTR7,0.12256915013093321
836,IBSP,0.3468117324881867
837,ICAM1,0.91823584128
838,ICOS,1.0100946368
839,ID1,0.3238925873956488
840,ID2,0.007424737415150664
841,ID3,0.0331093560554458
842,ID4,0.05299519614154706
843,IFI16,0.0297850421371132
844,IFIH1,0.00018112352797274204
845,IFNA1,3.513548096397999
846,IFNA10,4.873472401796798
847,IFNA13,4.589720486528
848,IFNA14,5.448482831120001
849,IFNA16,5.501876098735999
850,IFNA17,5.259794856679999
851,IFNA2,4.5862384858392
852,IFNA21,3.917961108193999
853,IFNA4,4.969782877603999
854,IFNA5,4.289086790939999
855,IFNA6,5.0561918628267986
856,IFNA7,5.209851667410001
857,IFNA8,4.721894761659999
858,IFNAR1,4.014401271402236
859,IFNAR2,3.928317767948343
860,IFNB1,4.297206837101999
861,IFNE,4.07561266623
862,IFNG,7.228145972619999
863,IFNGR1,6.444894307280001
864,IFNGR2,5.4862787335859995
865,IFNK,3.4727428909919995
866,IFNL1,2.5936026689240004
867,IFNL2,2.493908793541999
868,IFNL3,3.315704824544
869,IFNLR1,3.852092252754
870,IFNW1,4.343332143253998
871,IGF1,8.082328456199999
872,IGF1R,21.0958277682
873,IGF2,7.3260059559999995
874,IGFBP3,0.33895521279999996
875,IHH,0.07169050486320644
876,IKBKB,8.71543267108
877,IKBKE,0.43950030296147147
878,IL10,6.748774377398999
879,IL10RA,4.138251318347999
880,IL10RB,3.8688584610439993
881,IL11,3.651784252455999
882,IL11RA,4.027416233361999
883,IL12A,4.572200311641999
884,IL12B,4.4851984604574
885,IL12RB1,3.702147075320001
886,IL12RB2,3.705878879507199
887,IL13,5.521993241491998
888,IL15,2.5216993396329994
889,IL15RA,3.7710893457809993
890,IL17A,0.03509854470132117
891,IL17B,3.66495569324e-08
892,IL17C,0.021413510529575498
893,IL17D,5.2049631698629995
894,IL17F,0.0037800818450139002
895,IL17RA,0.757335929902956
896,IL17RB,0.11656703601595207
897,IL17RC,0.5082782298078803
898,IL17RE,0.186915495903487
899,IL18,0.9701968794
900,IL19,2.4599369311072397
901,IL1A,0.9319149521999999
902,IL1B,1.9158318853399998
903,IL1R1,0.35702282766226284
904,IL1RAP,0.22651063975972702
905,IL2,6.619368638277998
906,IL20,3.5822616637599998
907,IL20RA,3.7016321805440002
908,IL20RB,3.9643610774332383
909,IL21,2.8997770006620005
910,IL21R,4.203326410309997
911,IL22,3.4365259316599994
912,IL22RA1,3.883729564119999
913,IL22RA2,4.3395388932428
914,IL23A,3.8246174635231993
915,IL23R,3.5532362339919987
916,IL24,2.3783063266204993
917,IL25,0.00235726115173893
918,IL27RA,4.1236596232539995
919,IL2RA,4.417611471222607
920,IL2RB,5.222973509560567
921,IL3,3.7557420786459987
922,IL4,6.211604637158
923,IL4R,3.9187220767413824
924,IL5,7.1863893728
925,IL5RA,3.6310517303937995
926,IL6,7.336995611297998
927,IL6R,4.551368042738131
928,IL6ST,5.110983892211996
929,IL7,3.121194765751999
930,IL7R,4.368998322727144
931,IL9,4.0676853682
932,ILK,1.8331849673999998
933,INHBA,0.028776172448878527
934,INHBB,0.3081167918583052
935,INHBC,0.1436961444226348
936,INHBE,0.0375255006878228
937,INPP5D,0.0073856652042968
938,INPPL1,0.0017669079868855
939,INS,8.814884116599998
940,INSL3,0.0210590614897694
941,INSL5,0.0012543877202872
942,INSR,23.182611022199996
943,INVS,0.0497810987631081
944,IQCE,0.018871341940644153
945,IRAK2,0.4154332827200607
946,IRAK3,0.3975324747914142
947,IRAK4,0.35203916646689043
948,IRF1,2.1668951812
949,IRF3,2.6156657090159268
950,IRF5,2.58103930562
951,IRF7,2.762557198908641
952,IRF9,2.2307637336
953,IRS1,17.19076639744
954,IRS2,7.2180444106
955,ISG15,0.0128556653660387
956,ITCH,0.5594200079999999
957,ITGA1,0.6760726395367354
958,ITGA10,0.5151879604201646
959,ITGA11,0.5658258770057862
960,ITGA2,0.6700516371863573
961,ITGA2B,0.5034154491292113
962,ITGA3,0.6172949230347996
963,ITGA4,0.6403704549878786
964,ITGA5,0.5972647289443936
965,ITGA6,0.7799080726829248
966,ITGA7,0.7069728061362354
967,ITGA8,0.870393491105746
968,ITGA9,0.6094127251170367
969,ITGAL,0.05985485302085386
970,ITGAM,0.0045967223293851426
971,ITGAV,5.215999878671998
972,ITGB1,0.9026972947874753
973,ITGB2,0.032398965536229084
974,ITGB3,9.216278469664799
975,ITGB4,0.81352373600126
976,ITGB5,0.5246870603077444
977,ITGB6,0.6547499363439748
978,ITGB7,0.69472051903328
979,ITGB8,0.6899750307225686
980,ITK,4.4858518808212
981,ITPR1,0.16878635735999997
982,ITPR2,0.12255450098
983,ITPR3,0.13903583998
984,JAG1,0.5293948338440653
985,JAG2,0.0022489928616556513
986,JAK1,13.560240354212603
987,JAK2,15.200679992313999
988,JAK3,14.643039677839202
989,JMJD7-PLA2G4B,1.0868646543799998
990,JUN,22.963530498898002
991,JUND,13.085605934299997
992,KAT2A,4.149798061799999
993,KAT2B,4.659897499199999
994,KCNJ12,5.36791906e-09
995,KCNJ14,0.0003057850798131
996,KCNJ18,0.000167190931628
997,KCNJ2,0.0070785157496123
998,KCNJ3,0.4448946058599999
999,KCNJ4,0.0260153152088034
1000,KCNJ5,0.6226750726199999
1001,KCNJ6,0.46063529010000004
1002,KCNJ8,0.032036022
1003,KCNJ9,0.6334829047399997
1004,KCNMA1,0.03095119324071474
1005,KCNMB1,0.029075063109140015
1006,KCNMB2,0.017606050475438298
1007,KCNMB3,0.005593196280332654
1008,KCNMB4,0.03967445078380155
1009,KCNU1,0.0060706825274551915
1010,KDR,20.847264108999987
1011,KIDINS220,0.42134902679999986
1012,KIF3A,0.2738522263945507
1013,KIF7,0.58207317578
1014,KIT,37.298344144
1015,KITLG,6.3571787492
1016,KLF2,2.076727832098908
1017,KLF4,0.2403879414935926
1018,KNG1,0.03936092335429396
1019,KRAS,16.77920857154
1020,KRIT1,0.0776297876279231
1021,KRT10,1.8579838355999998
1022,KRT12,1.9729506175999996
1023,KRT13,1.9392646852
1024,KRT14,1.7309426371999999
1025,KRT15,1.7801613698
1026,KRT16,1.7297788920000001
1027,KRT17,1.9282194734
1028,KRT18,2.214565834
1029,KRT19,1.8266364899999998
1030,KRT20,2.1467222916
1031,KRT23,1.7582128966
1032,KRT24,2.036611317
1033,KRT25,1.9210428039999998
1034,KRT26,1.8536353911999999
1035,KRT27,1.720549383
1036,KRT28,1.8979120161999998
1037,KRT31,1.7689343424
1038,KRT32,1.6109700827999998
1039,KRT33A,1.7678945278
1040,KRT33B,1.9592605172
1041,KRT34,1.982277088
1042,KRT35,1.5609220457999997
1043,KRT36,2.1607105939999998
1044,KRT37,1.974410498
1045,KRT38,1.7794620385999997
1046,KRT39,1.675050749
1047,KRT40,2.004261376
1048,KRT9,1.7171934108
1049,KSR1,0.1717626505497243
1050,KSR2,0.0100505089179247
1051,LAMA1,0.39047960224289513
1052,LAMA2,0.3174983853331089
1053,LAMA3,0.39998899196321697
1054,LAMA4,0.3732851393736269
1055,LAMA5,0.3437233503042857
1056,LAMB1,0.32371550862630394
1057,LAMB2,0.3087340891886746
1058,LAMB3,0.39509996941039244
1059,LAMB4,0.46371857825595975
1060,LAMC1,0.5015721425571137
1061,LAMC2,0.24420292025372206
1062,LAMC3,0.31665934578863875
1063,LAMTOR1,0.5347119676331387
1064,LAMTOR2,0.3778073374383577
1065,LAMTOR3,1.172835007924564
1066,LAMTOR4,0.307012031750063
1067,LAMTOR5,0.5414822905312153
1068,LAT,0.7333758526698612
1069,LATS1,0.04729716435499307
1070,LATS2,0.07081803630270175
1071,LCK,3.093660296
1072,LCN2,2.1756830496
1073,LCP2,0.9389232249085651
1074,LDHA,0.5866006346599999
1075,LDHAL6A,0.7270160073999999
1076,LDHAL6B,0.5641841369999998
1077,LDHB,0.4895614991999998
1078,LDHC,0.6695078985399998
1079,LEF1,2.5720004709964517
1080,LEFTY1,0.08208305472888026
1081,LEFTY2,0.0008942855336874719
1082,LEP,3.6247250070679993
1083,LEPR,3.557146260439177
1084,LFNG,0.0008852260248892498
1085,LGR4,0.017123680305522512
1086,LGR5,0.012509899114812388
1087,LGR6,6.909996135889334e-06
1088,LHB,0.0825025356
1089,LHCGR,2.6436369015999994
1090,LIF,3.0624193316659998
1091,LIFR,4.928014296971398
1092,LILRA1,0.0203765317470534
1093,LILRA2,1.7719708097999998e-06
1094,LILRA3,0.0065079339263246
1095,LILRA4,0.0006787580119436
1096,LILRA5,0.0011592879165545
1097,LILRA6,1.714136344703452e-05
1098,LILRB1,0.0067803193951332
1099,LILRB2,0.0091031885047845
1100,LILRB3,0.0110964222390656
1101,LILRB4,0.0043309922927286
1102,LILRB5,0.0004975378684966
1103,LIMD1,0.02885086475630188
1104,LIPE,1.3459343619253115
1105,LLGL1,0.1643417598344983
1106,LLGL2,0.09499553342575257
1107,LPAR1,1.0027739598189338
1108,LPAR2,1.2800490908908841
1109,LPAR3,1.064574452308322
1110,LPAR5,1.3799133410907167
1111,LPAR6,1.0308170990886927
1112,LPIN1,0.631894138
1113,LPIN2,0.6127655940000001
1114,LPIN3,0.431281332
1115,LPL,2.788169088
1116,LRP2,0.0256288812386292
1117,LRP5,0.2162340637830067
1118,LRP6,0.2669939795975031
1119,LSP1,1.8635522144399996
1120,LTA,0.13549327317422355
1121,LTB,0.0054615118035784395
1122,LTB4R2,0.060881385578855154
1123,LTBP1,0.017564946333582708
1124,LTBR,0.7057697643598914
1125,LY96,0.1566003547
1126,LYN,12.347387542999996
1127,MAGI1,0.02474461112607449
1128,MAGI2,0.006523500381706911
1129,MAGI3,0.021642873015951934
1130,MALT1,4.494515790180001
1131,MAML1,0.9897983267684007
1132,MAML2,0.9801536669690859
1133,MAML3,0.8520514787191371
1134,MAP2K1,2.3714548837
1135,MAP2K2,2.8910482094999996
1136,MAP2K3,1.86971253788
1137,MAP2K4,4.120017305209399
1138,MAP2K5,0.1761696736380337
1139,MAP2K6,1.9699595450419993
1140,MAP2K7,5.626531345000001
1141,MAP3K1,7.458331690259999
1142,MAP3K11,0.12468263491246437
1143,MAP3K12,0.0828996922
1144,MAP3K13,0.082405009
1145,MAP3K14,1.7472276504199993
1146,MAP3K2,0.3832825495918809
1147,MAP3K20,0.5337726380000001
1148,MAP3K3,0.8418684421272032
1149,MAP3K4,0.7492603125999997
1150,MAP3K5,4.47611948206
1151,MAP3K6,0.02314963112
1152,MAP3K7,6.528083606179999
1153,MAP3K8,2.0456959562
1154,MAP4K1,0.034411500596298376
1155,MAP4K2,0.186006252
1156,MAP4K3,0.1985231677999999
1157,MAP4K4,0.0648162856
1158,MAPK1,35.416045823679994
1159,MAPK10,19.151796925132007
1160,MAPK11,20.353125503399998
1161,MAPK12,18.01632774771999
1162,MAPK13,22.1284392276
1163,MAPK14,37.1905747818
1164,MAPK15,0.90048651602
1165,MAPK3,36.80317836111998
1166,MAPK4,0.8694103027599999
1167,MAPK6,0.9566851001479997
1168,MAPK7,5.07640811092
1169,MAPK8,18.056213044413997
1170,MAPK8IP1,0.5024417756970532
1171,MAPK8IP2,0.5248204519097719
1172,MAPK8IP3,0.8102774297279561
1173,MAPK9,17.24006739981401
1174,MAPKAP1,0.1118733272
1175,MAPKAPK2,1.9106320105999999
1176,MAPKAPK3,1.3966469869999998
1177,MAPKAPK5,1.3706526614
1178,MAPT,1.080478766
1179,MATK,0.5675059313199999
1180,MAVS,0.45836056626970156
1181,MAX,1.1112114672
1182,MC2R,0.09702793638561247
1183,MCL1,4.1284191104
1184,MDM2,1.2134030611669686
1185,MDM4,0.15892257140234328
1186,ME1,1.572441049
1187,ME3,1.6105895247999997
1188,MECOM,0.34722201778
1189,MED1,4.5565575886
1190,MED12L,5.6338609351999995
1191,MED13,5.174533376
1192,MED13L,5.23759679
1193,MED16,5.0675226076
1194,MED17,4.8529044162
1195,MED24,4.8347579338
1196,MED27,4.7984252728
1197,MED30,5.0769426984
1198,MED4,4.4909598727999995
1199,MEF2A,2.1393289554
1200,MEF2B,2.3696012123999997
1201,MEF2C,4.6185313948
1202,MEF2D,1.9391518045999998
1203,MEFV,0.210660156322794
1204,MEGF8,0.0408572106557849
1205,MET,17.1441649066
1206,MFN1,0.0027608738630042
1207,MFN2,7.849378954200001e-05
1208,MFNG,0.016012861231689504
1209,MGRN1,1.19154100553236e-06
1210,MIOS,0.04520911537945305
1211,MKNK1,0.4777088958536148
1212,MKNK2,0.5907958603441271
1213,MLKL,0.0281348016900637
1214,MLST8,1.7972086308
1215,MLYCD,1.24956667146
1216,MMP1,4.625863033199999
1217,MMP13,1.8579585264000003
1218,MMP14,0.734840413
1219,MMP2,2.3882032341999997
1220,MMP3,2.1153508442
1221,MMP7,0.013568789136950601
1222,MMP9,3.7627434607999994
1223,MOB1A,9.227205417118338e-05
1224,MOB1B,1.1031186564060001e-07
1225,MOSMO,6.0669206304741e-05
1226,MPL,4.0050929183460005
1227,MRAS,2.2216123632145814
1228,MS4A2,0.8796355997999997
1229,MST1,5.235028980799999
1230,MST1R,8.879142476199998
1231,MTOR,26.304727851400003
1232,MUC5B,2.2223501303999997
1233,MYB,0.555258362
1234,MYC,3.6355146164999996
1235,MYD88,0.35135790857284793
1236,MYH6,0.8279211729
1237,MYH7,1.10224066312
1238,MYL2,0.012007865142650963
1239,MYL3,0.0936316370232729
1240,MYL4,0.016082831624154945
1241,MYL6,0.06339309040920844
1242,MYL6B,0.06080339863792776
1243,MYL9,0.032714123202533585
1244,MYLK,0.12786301782463055
1245,MYLK2,0.20517029890638716
1246,MYLK3,0.09769824114105638
1247,MYLK4,0.1876144696872683
1248,NAIP,0.0005652739183596
1249,NANOG,0.0008484172911654259
1250,NBL1,0.10143655943528254
1251,NCF1,0.3211431272
1252,NCK1,0.3225595232599998
1253,NCK2,0.4374107127279997
1254,NCOA1,17.263211894399998
1255,NCOA2,18.429210085
1256,NCOA3,18.148936670399998
1257,NCOR1,3.9233592946000004
1258,NCOR2,1.96427238
1259,NCSTN,0.0629593082133384
1260,NEK7,0.02914260782
1261,NEO1,0.16747604408093153
1262,NF1,0.3417153232729067
1263,NF2,0.06028631023187597
1264,NFATC1,10.368555266939998
1265,NFATC2,8.806490299879998
1266,NFATC3,10.722500178214002
1267,NFATC4,5.27560891278
1268,NFKB1,66.2863715708
1269,NFKB2,1.9253151594940001
1270,NFKBIA,1.8549137996799998
1271,NFKBIB,1.9303895613999997
1272,NFKBIE,1.8835485344599994
1273,NGF,7.963616514799999
1274,NGFR,19.984785365039993
1275,NKD1,0.07003684866452552
1276,NKD2,0.10045535522267088
1277,NLK,0.37782748133307353
1278,NLRC4,0.0753233298333268
1279,NLRP1,1.3299970547999997
1280,NLRP12,0.7791092631200001
1281,NLRP3,1.13961065484
1282,NLRP6,3.194289674124e-05
1283,NLRP7,0.043659342299548
1284,NLRX1,5.1976545404e-07
1285,NOD1,0.0086659938654312
1286,NOD2,0.25780264438086853
1287,NODAL,0.0844445113575834
1288,NOG,0.1654506799116422
1289,NOS1,1.0882622168466751
1290,NOS2,2.4886141106
1291,NOS3,4.314319852699999
1292,NOTCH1,0.6716877223843654
1293,NOTCH2,0.6613428035082938
1294,NOTCH3,0.678128911386144
1295,NOTCH4,0.605996880189458
1296,NOTUM,0.10884222691191091
1297,NOX4,0.5508398358259998
1298,NPPA,0.7963459342045676
1299,NPPB,0.7483715801741143
1300,NPPC,0.0235153480168054
1301,NPR1,0.06494939030877525
1302,NPR2,0.0507729292842416
1303,NPRL2,0.2251276300681136
1304,NPRL3,0.13222063954190696
1305,NPY,1.2385010051211418
1306,NPY1R,0.3194927560056757
1307,NR1H3,1.8070509134
1308,NR4A1,2.3985979748000004
1309,NRAS,16.35789109532
1310,NRF1,0.0010695070151629
1311,NRG1,0.2400325995999999
1312,NRG2,0.32309549577999996
1313,NRG3,0.293883317
1314,NRG4,0.18710703084
1315,NSMAF,0.1258351218942601
1316,NTF3,8.1300219324
1317,NTF4,6.994597403799999
1318,NTRK1,18.626732140319998
1319,NTRK2,17.021810955
1320,NTRK3,12.477489201999997
1321,NTSR1,0.024317914755750035
1322,NUMB,0.042904638478482
1323,NUMBL,0.00034283874581322605
1324,OLR1,1.664384404
1325,OPRD1,0.3709788558903809
1326,OPRM1,0.5295224659154913
1327,ORAI1,0.1771228293801237
1328,ORAI2,0.003658307201637606
1329,ORAI3,0.0166361892148182
1330,OSM,3.411748197413999
1331,OSMR,4.9265956254121805
1332,OXT,0.1888816072170164
1333,OXTR,0.8457584711361482
1334,P2RY1,0.0311672339923541
1335,PAK1,0.7023607670237184
1336,PAK2,0.6282732687302128
1337,PAK4,0.2658542573148691
1338,PAK5,0.21797562703385917
1339,PAK6,0.3705301030240586
1340,PARD3,0.38652351021481995
1341,PARD6A,0.4858392672877815
1342,PARD6B,0.39683327473227487
1343,PARD6G,0.44838972827414586
1344,PCK1,6.888058450199999
1345,PCK2,6.469049858440001
1346,PDCD1,0.0481176618513631
1347,PDE10A,0.12714742752895294
1348,PDE1A,0.04698399829779593
1349,PDE1B,0.04116341803794917
1350,PDE1C,0.0658636112559832
1351,PDE3A,0.2463795936045105
1352,PDE3B,0.9077028122311542
1353,PDE4A,0.31385070043836755
1354,PDE4B,0.3135735198647157
1355,PDE4C,0.17960060312132076
1356,PDE4D,0.3391116356684385
1357,PDGFA,13.779653609999995
1358,PDGFB,12.284156241557998
1359,PDGFC,7.8156400814
1360,PDGFD,8.397337621200002
1361,PDGFRA,29.487512054599993
1362,PDGFRB,61.8913659854
1363,PDHA2,0.0005346477734638
1364,PDHB,0.01623103151716
1365,PDK1,0.7243396330906237
1366,PDPK1,14.683573131200001
1367,PERP,0.23120796
1368,PF4,0.11331262356778979
1369,PF4V1,0.30377543866833817
1370,PFKFB2,1.65625612814
1371,PFKFB3,1.5069487339440002
1372,PFKFB4,0.8744152848999999
1373,PFKL,0.38606333899999995
1374,PFKM,0.6973823533719998
1375,PFKP,0.5393285754
1376,PFN1,0.0345461579794602
1377,PFN2,0.008733747014598026
1378,PFN3,0.01972556728535215
1379,PFN4,0.033215064606485004
1380,PGAM5,0.000208982975629305
1381,PGF,7.545895096800002
1382,PGK2,0.502374184
1383,PGR,3.357846524
1384,PHKB,0.14536261655082278
1385,PHKG1,0.16826802232373092
1386,PHKG2,0.2236292970196024
1387,PHLPP1,0.4527988206
1388,PHLPP2,0.41501288039999995
1389,PIAS1,1.6405410325999998
1390,PIAS2,1.9553137876
1391,PIAS3,2.0740859082
1392,PIAS4,1.644753769
1393,PIDD1,0.1221369119999999
1394,PIK3AP1,1.1905292223200001
1395,PIK3C3,0.0025749423359556402
1396,PIK3CA,26.62302056646
1397,PIK3CB,27.10418081118001
1398,PIK3CD,26.140557674499988
1399,PIK3CG,8.80059074612
1400,PIK3R1,25.109758914620002
1401,PIK3R2,27.724960740439993
1402,PIK3R3,27.240467727019997
1403,PIK3R4,0.0038518312357678688
1404,PIK3R5,7.693451827373999
1405,PIK3R6,7.917324631928001
1406,PIM1,2.045131232
1407,PIN1,9.03410271332e-05
1408,PITX2,0.08790456885334294
1409,PKLR,0.0005800897348888
1410,PKM,0.27964091469999997
1411,PKN1,1.0466507622
1412,PKN2,1.5396475567999999
1413,PKN3,0.587291926
1414,PLA1A,0.3373410732599999
1415,PLA2G10,0.35423038
1416,PLA2G12A,0.3783960638
1417,PLA2G12B,0.4936500253
1418,PLA2G1B,0.31110294799999993
1419,PLA2G2A,0.3397146196
1420,PLA2G2C,0.33618343732
1421,PLA2G2D,0.3017897411999999
1422,PLA2G2E,0.3265375768
1423,PLA2G2F,0.3995578419999999
1424,PLA2G3,0.41257303319999994
1425,PLA2G4A,1.1430355448
1426,PLA2G4B,1.1463591833799998
1427,PLA2G4C,1.0959783567999997
1428,PLA2G4D,0.9550927182999999
1429,PLA2G4E,1.1759048226299997
1430,PLA2G4F,1.0228295336200002
1431,PLA2G5,0.4074570235999999
1432,PLA2G6,0.3333763732
1433,PLAT,0.12936145672
1434,PLAU,0.6747466231999999
1435,PLCB1,17.177872609029993
1436,PLCB2,18.803072960699996
1437,PLCB3,18.771112965880004
1438,PLCB4,16.892423539436002
1439,PLCD1,0.1325717925479999
1440,PLCD3,0.12733561947
1441,PLCD4,0.09308216486
1442,PLCE1,0.6860245565810159
1443,PLCG1,14.880568804779998
1444,PLCG2,12.784274393979995
1445,PLCZ1,0.14810495039999988
1446,PLD1,0.6980911034571462
1447,PLD2,0.4948048807786411
1448,PLIN1,3.4728083705999997
1449,PLIN2,1.5113319124
1450,PLIN4,1.8394902599999998
1451,PLIN5,1.5045911060000001
1452,PLK1,0.1524472432
1453,PLK2,0.1361857975999998
1454,PLK3,0.2044833746
1455,PLK4,0.13077424628
1456,PLN,0.6347568315096795
1457,PLTP,1.5664763268000002
1458,PMAIP1,0.19542839
1459,POMC,0.3315973045802653
1460,POU5F1,3.5203900720894004e-05
1461,POU5F1B,0.00024027001311135998
1462,PPARA,12.551074856700001
1463,PPARD,7.1283295882
1464,PPARG,10.601521981859998
1465,PPARGC1A,3.6096046160166164
1466,PPBP,0.15921684130897912
1467,PPIF,0.13456650960459043
1468,PPM1A,0.23224964773999981
1469,PPM1B,0.07949058432
1470,PPM1D,0.1193344559999999
1471,PPP1CA,2.235375849378614
1472,PPP1CB,1.7980696140090073
1473,PPP1CC,1.5484435579052187
1474,PPP1R12A,0.19936474209457059
1475,PPP1R12B,0.23486985913259828
1476,PPP1R12C,0.26477718052232424
1477,PPP1R1B,0.1437416334764901
1478,PPP1R3A,0.4038120942095234
1479,PPP1R3B,0.649944351464216
1480,PPP1R3C,0.5229444759843292
1481,PPP1R3D,0.4858789890911577
1482,PPP1R3E,0.5018915116678799
1483,PPP2CA,3.2350026008
1484,PPP2CB,3.3169077773999995
1485,PPP2R1A,2.7932486327799997
1486,PPP2R1B,2.6579801761999993
1487,PPP2R2A,1.9595221501399995
1488,PPP2R2B,2.0201760184
1489,PPP2R2C,1.7290176077999997
1490,PPP2R2D,1.9935682741999996
1491,PPP2R3A,1.79876702
1492,PPP2R3C,1.59053546
1493,PPP2R5A,1.1447606661999998
1494,PPP2R5B,1.49877965
1495,PPP2R5C,1.440628387
1496,PPP2R5D,1.667063974
1497,PPP2R5E,1.5384707029999998
1498,PPP3CA,0.7493658912962093
1499,PPP3CB,1.1376154431533976
1500,PPP3CC,0.9049198556891509
1501,PPP3R1,0.9131405893142011
1502,PPP3R2,1.0301414430872027
1503,PPP4C,0.122470822502
1504,PPP4R3A,0.147345050532
1505,PPP4R3B,0.07629564338845439
1506,PPP5C,0.11407530266
1507,PRDM4,0.1839639876
1508,PREX1,1.1051569856463517
1509,PRICKLE1,0.03881356268941755
1510,PRICKLE2,0.0637448641016549
1511,PRICKLE4,0.033806390666334715
1512,PRKAA1,10.903530761578002
1513,PRKAA2,12.560317556741998
1514,PRKAB1,11.906011326760003
1515,PRKAB2,11.70641537574
1516,PRKACA,10.785095518655996
1517,PRKACB,10.1068211656941
1518,PRKACG,8.374020043544196
1519,PRKAG1,12.408685165584002
1520,PRKAG2,13.4847483235
1521,PRKAG3,11.5866354639254
1522,PRKAR1A,1.884064167982e-06
1523,PRKAR1B,0.0004390487185787
1524,PRKAR2A,0.0001288384312387
1525,PRKAR2B,0.0251611539179259
1526,PRKCA,15.170440719200002
1527,PRKCB,14.520589014171998
1528,PRKCD,6.975996059929999
1529,PRKCE,6.48202124262
1530,PRKCG,5.196846386907999
1531,PRKCI,4.34532167926
1532,PRKCQ,0.8540296830987054
1533,PRKCZ,9.682890461399998
1534,PRKD1,0.5513452197299676
1535,PRKD2,0.8147226196619776
1536,PRKD3,0.6971561307651746
1537,PRKG1,2.461336168169709
1538,PRKG2,2.416555455806333
1539,PRL,3.3224830015719995
1540,PRLR,10.128077823702
1541,PRMT1,0.1428497526
1542,PRR5,0.1521444619999999
1543,PSEN1,0.15003706727992186
1544,PSEN2,0.053860527548529276
1545,PSENEN,0.07673410873537714
1546,PSTPIP1,0.0111704800844972
1547,PTAFR,0.005477817225049488
1548,PTCH1,0.5471314531676519
1549,PTCH2,0.6479214829132695
1550,PTCRA,0.38619165467
1551,PTEN,0.8480851390998511
1552,PTGER1,0.024323340858308465
1553,PTGER2,0.11322814317515989
1554,PTGER3,0.6106308899152104
1555,PTGFR,0.7815634247286278
1556,PTGS2,7.879923688
1557,PTK2,11.426047645612
1558,PTK2B,3.35545422736
1559,PTPN1,0.6593550232
1560,PTPN11,5.436986984800001
1561,PTPN2,2.3012588456
1562,PTPN5,2.33599659266
1563,PTPN6,0.8736610656170842
1564,PTPN7,2.2458358362
1565,PTPRC,0.930965652
1566,PTPRF,1.0845196392999998
1567,PTPRR,2.1888853867999996
1568,PXN,0.6656506433467535
1569,PYCARD,0.5593042391061679
1570,PYDC1,0.0067452948547128
1571,PYDC2,2.2333189897594e-06
1572,PYGB,0.13853793914902413
1573,PYGL,0.10220133898961345
1574,PYGM,0.13406023304560427
1575,RAB10,0.013817348362025701
1576,RAB11B,1.898879321611605e-05
1577,RAB14,1.2318160275077999e-05
1578,RAB2A,0.020537366042040598
1579,RAB5A,0.084189085
1580,RAB5B,0.159265242
1581,RAB5C,0.1574458274
1582,RAB8A,0.000350740868058
1583,RAC1,6.269226302648
1584,RAC2,2.880071755599049
1585,RAC3,3.166692771492113
1586,RAF1,6.14868169146
1587,RAG1,0.12451692680000001
1588,RAG2,0.1029982691999999
1589,RALA,0.42180321343655963
1590,RALB,0.5190095633503782
1591,RALBP1,0.5486704743993723
1592,RALGDS,0.47617925781006126
1593,RAP1A,5.2576725262184
1594,RAP1B,4.36817333393
1595,RAP1GAP,0.17670796960000001
1596,RAPGEF1,0.79233629910842
1597,RAPGEF2,0.45642993609268406
1598,RAPGEF3,0.6591288800313888
1599,RAPGEF4,0.4724593206072327
1600,RAPGEF5,0.66435578782445
1601,RAPGEF6,0.16495597915101878
1602,RARA,2.728361936
1603,RASA1,0.21849386526939252
1604,RASA2,0.38405649059526675
1605,RASA3,0.2494141785543536
1606,RASA4,0.38140655359893233
1607,RASAL1,0.2316672214970148
1608,RASAL2,0.23667621861130242
1609,RASAL3,0.31191336898538136
1610,RASGRF1,0.8928287761714301
1611,RASGRF2,0.6872471952507815
1612,RASGRP1,0.31511549033494557
1613,RASGRP2,0.6059280452718964
1614,RASGRP3,0.36797835603154233
1615,RASGRP4,0.2583444648887116
1616,RASSF1,0.3781816589310882
1617,RASSF2,0.0003908615203831
1618,RASSF4,6.397578618824001e-06
1619,RASSF5,0.45910093049427014
1620,RASSF6,0.0002327270062541
1621,RBCK1,5.4782308638e-09
1622,RBL1,0.2275215547463071
1623,RBL2,0.09679075362
1624,RBPJ,6.858856454789999
1625,RBPJL,8.1238200804
1626,RBX1,0.2465782428196891
1627,RCAN1,0.8851009516599998
1628,RCAN2,1.0329049265999997
1629,RCHY1,0.146453556
1630,REL,0.141436794
1631,RELA,34.936710171794005
1632,RELB,0.8145253646726415
1633,RELN,0.32815287670919613
1634,RET,8.4887497246
1635,RFNG,0.05760757899689984
1636,RGL1,0.44221382406712895
1637,RGL2,0.5540744182714843
1638,RGMA,0.2253246152199999
1639,RGMB,0.2001947301999999
1640,RGS14,0.2147770390247387
1641,RGS2,0.7444960984532087
1642,RHEB,1.9511329276000002
1643,RHOA,7.83802200548
1644,RHOQ,0.41386289073935323
1645,RICTOR,0.7075933111999999
1646,RIN1,2.6840735276
1647,RIPK1,0.8137939258392414
1648,RIPK2,0.7891923648385357
1649,RIPK3,0.0408255573626402
1650,RLN1,0.0278355383614107
1651,RLN2,0.0243704383603718
1652,RLN3,0.1353795174
1653,RNASEL,1.5361580879957562e-05
1654,RNF125,0.0003493706969875
1655,RNF152,0.0928090681399999
1656,RNF31,0.0161464066107759
1657,RNF43,0.14970507405036884
1658,ROCK1,1.5083072327999996
1659,ROCK2,1.639521279126
1660,ROR1,0.09895143109448333
1661,ROR2,0.0605371203637638
1662,RPRM,0.1615080938
1663,RPS6,0.3509066312
1664,RPS6KA1,0.8583023211329665
1665,RPS6KA2,1.0683799699074772
1666,RPS6KA4,3.8065151235999997
1667,RPS6KA5,3.9965697945999996
1668,RPS6KB1,4.771159477
1669,RPS6KB2,4.680825694
1670,RPTOR,5.8900937924
1671,RRAGA,2.7360804544979995
1672,RRAGC,2.09547900046
1673,RRAGD,1.84161552516
1674,RRAS,2.6230970734455115
1675,RRAS2,2.201467900727901
1676,RRM2,0.678101212
1677,RRM2B,0.662441344
1678,RSPO1,0.07866227911621321
1679,RSPO2,0.0030661318252955647
1680,RSPO3,0.11807921035047153
1681,RSPO4,0.008284784118096258
1682,RUVBL1,0.015361725533212153
1683,RXFP1,0.5046726401106688
1684,RXFP2,0.1720519262508829
1685,RXFP3,0.9832050639799998
1686,RXFP4,0.4449302802840542
1687,RXRA,47.551175508800014
1688,RXRB,45.631167143200024
1689,RXRG,47.95932735660001
1690,RYK,0.01870618510013079
1691,RYR1,0.01047135664029784
1692,RYR2,0.19924917704993073
1693,RYR3,0.02266630769157557
1694,S100A7,1.8548555991999998
1695,S100A7A,2.0741128626
1696,S100A8,1.8934495539
1697,S100A9,1.6153233997999998
1698,S1PR1,0.61596087554
1699,S1PR2,0.3451735257581309
1700,S1PR3,0.323199327000669
1701,S1PR4,0.46405546879845894
1702,S1PR5,0.2997113145204608
1703,SAV1,0.01514394229921727
1704,SCD,2.3441062543999998
1705,SCD5,2.0635552383999998
1706,SCP2,1.8285589879
1707,SCRIB,0.08462109304488866
1708,SEC13,0.028204055692387105
1709,SEH1L,0.04201507952164656
1710,SELE,0.7427934125999999
1711,SENP2,0.0130018573444864
1712,SERPINB5,0.1407335248
1713,SERPINE1,3.011466786631999
1714,SERPINF1,0.01441549333008026
1715,SESN1,0.1320502146
1716,SESN2,0.19612291609513466
1717,SESN3,0.1708320118
1718,SETD7,0.0777083348799999
1719,SFN,0.1331100646996676
1720,SFRP1,0.15134648705811443
1721,SFRP2,0.24132992473731457
1722,SFRP4,0.2970698850817533
1723,SFRP5,0.19231956628965102
1724,SGK1,1.3595191291999997
1725,SGK2,0.9822816388
1726,SGK3,0.96386113
1727,SH2B1,0.6129596395999999
1728,SH2B2,0.9145995808999999
1729,SH2B3,0.7056840645999999
1730,SH2D2A,0.41965669539999995
1731,SHARPIN,0.0080862021856117
1732,SHC1,12.629925702999996
1733,SHC2,12.815219271400005
1734,SHC3,11.512348417059998
1735,SHC4,10.901421414799998
1736,SHH,0.11274609055369636
1737,SHISA5,0.2163564255999999
1738,SHOC2,0.329825475405801
1739,SIAH1,0.4362435702261603
1740,SIK1,1.5249473169334382
1741,SIK2,0.1724342101957425
1742,SIKE1,0.0001424425099652
1743,SIN3A,4.78751967
1744,SIPA1,0.11388963844841969
1745,SIPA1L1,0.16696574952
1746,SIPA1L2,0.08567191830000001
1747,SIVA1,1.2935495231999998
1748,SKAP1,0.21894084029051905
1749,SKP1,0.08079444830234503
1750,SKP2,0.1286021986
1751,SLC25A31,0.08538635744163577
1752,SLC25A4,0.1239311039935804
1753,SLC27A1,2.086393278
1754,SLC27A4,1.979979643
1755,SLC2A1,1.5656177459860001
1756,SLC2A2,2.388190796
1757,SLC2A4,1.8975054294447542
1758,SLC38A9,0.09940749256754479
1759,SLC3A2,0.0048881820496489
1760,SLC7A5,0.0048881820496489
1761,SLC8A1,0.0450171701453953
1762,SLC8A2,0.0097967386240092
1763,SLC8A3,0.02096059750586417
1764,SLC9A1,1.0628268803
1765,SMAD1,1.1072069851736726
1766,SMAD2,5.512016736057403
1767,SMAD3,3.983254607449999
1768,SMAD4,0.5267675210885924
1769,SMAD5,1.0963478500625452
1770,SMAD6,1.6197612567639998
1771,SMAD7,2.4176171740799997
1772,SMAD9,0.9266222674741423
1773,SMO,0.3915776483639753
1774,SMPD2,0.0066441950942601
1775,SMURF1,0.3016961358721356
1776,SMURF2,0.2868041698995669
1777,SNAI2,0.1074091805405937
1778,SNW1,0.3470888742799999
1779,SOCS1,2.7062008926
1780,SOCS2,2.988125274
1781,SOCS3,4.326425026199999
1782,SOCS4,2.8199252861999997
1783,SOCS5,2.8952828766
1784,SOCS6,2.4370579948
1785,SOCS7,2.6313035613999998
1786,SOD2,0.1748285528399999
1787,SORBS1,1.6680713086
1788,SORT1,0.1262011204799999
1789,SOS1,1.7593043844649856
1790,SOS2,1.667827525372187
1791,SOST,0.00048090441885980604
1792,SOX17,0.06011262934350253
1793,SOX2,0.04503329518691847
1794,SOX9,0.1546376247279998
1795,SP1,1.7024770591999998
1796,SPHK1,2.5351257973153465
1797,SPHK2,2.842477596424354
1798,SPOP,0.5067680464930097
1799,SPOPL,0.574124466511542
1800,SPP1,0.4204552031821437
1801,SRC,22.240790484
1802,SREBF1,1.5194574425633345
1803,SRF,0.9757589695322544
1804,SRSF1,0.2704948306950385
1805,SST,0.14252277509072073
1806,SSTR1,0.39104178821951957
1807,SSTR2,0.38971336152952174
1808,SSTR5,0.3411981301145477
1809,STAM,0.27523000192
1810,STAM2,0.33474689885999986
1811,STAT1,17.330661331
1812,STAT2,10.332851318399998
1813,STAT3,21.4276141966
1814,STAT4,10.2204708778
1815,STAT5A,15.476850023199999
1816,STAT5B,26.057608784000006
1817,STAT6,10.199283191000001
1818,STEAP3,0.320305486
1819,STIM1,0.043025158904974097
1820,STIM2,0.0423409044916054
1821,STK11,1.3186099866513803
1822,STK3,1.7501253399717744
1823,STK4,0.34355497864499274
1824,STMN1,0.505964656
1825,STRADA,1.133015746513602
1826,STRADB,1.214173094968898
1827,SUCNR1,0.4999072309100111
1828,SUFU,0.4419455443498002
1829,SUGT1,0.0817064700547269
1830,SYK,4.505733790621998
1831,SYNGAP1,0.3419257844236558
1832,TAB1,0.30807642184155676
1833,TAB2,0.9870773401788895
1834,TACR1,0.06024474116564328
1835,TACR2,0.006850495908713797
1836,TACR3,0.00548337445207338
1837,TANK,0.0522290907245946
1838,TAOK1,0.0495265279399998
1839,TAOK2,0.10746315183999999
1840,TAOK3,0.04366569718
1841,TBC1D1,1.1226316390469682
1842,TBC1D4,0.5337791057999999
1843,TBC1D7,1.9804304060811673
1844,TBK1,1.2480856475799997
1845,TBKBP1,0.003295313163011847
1846,TBL1XR1,0.049252100948485
1847,TBX3,0.31008621507859163
1848,TBXA2R,0.03643350399628334
1849,TCF3,0.0026441355313963
1850,TCF7,2.4079897114696562
1851,TCF7L1,2.113961028354895
1852,TCF7L2,2.5004301999753364
1853,TCL1A,0.43708325249999996
1854,TCL1B,0.7682823959999999
1855,TEAD1,0.699827836162675
1856,TEAD2,0.5686206922680855
1857,TEAD3,0.6453038628201453
1858,TEAD4,0.4895366652378578
1859,TEC,0.2371443409356012
1860,TEK,18.421552776000002
1861,TELO2,0.8467868994
1862,TF,0.75804301932
1863,TFAM,4.345350976904e-06
1864,TFDP1,0.3312261923765913
1865,TFF1,2.066421408
1866,TFRC,0.6604632244399999
1867,TGFA,10.757195737199995
1868,TGFB1,0.32742654331043347
1869,TGFB2,0.10837976813811055
1870,TGFB3,0.05111047759786708
1871,TGFBR1,0.256541702680688
1872,TGFBR2,1.186687110373857
1873,TGIF1,0.06315095437599999
1874,TGIF2,0.1415877150319999
1875,TH,1.0465257702
1876,THBD,1.06193604
1877,THBS1,0.5707664895986571
1878,THBS2,0.3449468717367269
1879,THBS3,0.2698781505446521
1880,THBS4,0.23900455781814733
1881,THEM4,0.468205693
1882,THPO,2.8644697469019995
1883,THRA,14.344892334879999
1884,THRB,15.0848796688
1885,TIAM1,0.6671354684233748
1886,TICAM1,0.20939202711895671
1887,TICAM2,0.15445913319057838
1888,TIRAP,0.2825988968649912
1889,TKFC,3.8444643298e-08
1890,TLE1,3.2483059113199992
1891,TLE2,3.1846512628
1892,TLE3,3.2476836569459993
1893,TLE4,3.7722077487999996
1894,TLE6,3.28399142274
1895,TLN1,0.0393862453460868
1896,TLN2,0.08963989556079989
1897,TLR1,7.10944836173364e-05
1898,TLR2,0.102004905009527
1899,TLR3,0.0006995546536921
1900,TLR4,1.9117208227899998
1901,TLR5,8.493254347646001e-07
1902,TLR6,0.0052915294900568
1903,TLR9,9.7648144079478e-05
1904,TNC,0.4765493238189838
1905,TNF,8.4417455974
1906,TNFAIP3,0.9194461200939997
1907,TNFRSF10A,0.17321254956597099
1908,TNFRSF10B,0.1829902557377703
1909,TNFRSF11A,1.8061759311999999
1910,TNFRSF13C,0.19667954832566897
1911,TNFRSF1A,1.3517178864199997
1912,TNFRSF1B,1.4621635361199998
1913,TNFSF10,0.11243830788
1914,TNFSF11,2.0729757732
1915,TNFSF13B,0.0713260333402537
1916,TNFSF14,0.000873070542031
1917,TNN,0.318275990938644
1918,TNNI3,0.1097583233199999
1919,TNR,0.23217942332574296
1920,TNXB,0.3826048417173561
1921,TOLLIP,0.0151545665209658
1922,TP53,14.262248173106004
1923,TP53AIP1,0.001099904584376802
1924,TP53BP1,9.504901893705984e-05
1925,TP53BP2,0.023934824931681222
1926,TP53I3,0.251494062
1927,TP73,0.1608450804957846
1928,TRADD,0.6441620105774316
1929,TRAF1,0.692868499
1930,TRAF2,11.253110951251996
1931,TRAF3,0.786063344327101
1932,TRAF3IP2,2.718966836317999
1933,TRAF4,0.0624515426
1934,TRAF5,0.48728873218455004
1935,TRAF6,9.135314669289999
1936,TRDN,0.08838510924913125
1937,TRHR,0.05643585960036212
1938,TRIM25,0.0038227980853844
1939,TRIP10,0.0098900400921282
1940,TRIP6,0.0086694078649303
1941,TRPC6,0.7329203278485185
1942,TSC1,2.3028448083345463
1943,TSC2,2.600430322788406
1944,TSHB,0.10875087212906771
1945,TSHR,0.13874037339487535
1946,TSLP,2.3328174137
1947,TTI1,0.7953631113999999
1948,TXN,0.0190923627267817
1949,TXN2,0.0126255115857913
1950,TXNIP,0.11796528371257299
1951,TYK2,10.141142473293998
1952,UBC,2.026673462
1953,UCP1,2.5144390498
1954,ULK1,1.29268071
1955,ULK2,0.61775423
1956,USP25,0.46426720987241055
1957,USP7,0.11521851014000001
1958,VANGL1,0.043738182621485
1959,VANGL2,0.033008804518146466
1960,VASP,0.02590773964783092
1961,VAV1,0.6550945715085783
1962,VAV2,0.7529755219224497
1963,VAV3,0.6077262310134913
1964,VCAM1,0.9720525699999998
1965,VDAC1,0.15798928376306412
1966,VDAC2,0.06727009804779151
1967,VDAC3,0.11157264810697742
1968,VEGFA,14.2468842389
1969,VEGFB,10.770917309
1970,VEGFC,13.245385284999998
1971,VHL,0.11440089043885827
1972,VIP,0.14731042035499647
1973,VIPR2,0.11128172370546038
1974,VTN,0.11280075332985981
1975,VWF,0.2775351198941996
1976,WDR24,0.01687405000927951
1977,WDR59,0.02154395797445502
1978,WIF1,0.1377646854353172
1979,WNT1,0.16205568354309832
1980,WNT10A,0.15816858362564454
1981,WNT10B,0.10410339894665852
1982,WNT11,0.16856822691117526
1983,WNT16,0.06210752389786057
1984,WNT2,0.19208236684437516
1985,WNT2B,0.13150696113579485
1986,WNT3,0.24069541156460905
1987,WNT3A,0.14228939820169545
1988,WNT4,0.5035954040840732
1989,WNT5A,0.09241470369510635
1990,WNT5B,0.07904436223228281
1991,WNT6,0.23332548342028808
1992,WNT7A,0.19109087687143747
1993,WNT7B,0.08007788279503272
1994,WNT8A,0.09931940611750588
1995,WNT8B,0.14788408849155826
1996,WNT9A,0.20188796851129948
1997,WNT9B,0.17323385820495754
1998,WTIP,0.007162624755941293
1999,WWC1,0.018770204530949366
2000,WWTR1,2.26453905659276
2001,XCL1,0.06866563115940603
2002,XCL2,0.18493206565757908
2003,XCR1,1.4335738277540537
2004,YAP1,2.560048936682585
2005,YWHAB,0.385631020450166
2006,YWHAE,0.6292213513564191
2007,YWHAG,0.4224450397409917
2008,YWHAH,0.30630301627704837
2009,YWHAQ,0.48254560687601045
2010,YWHAZ,0.27758636086025185
2011,ZAP70,3.5646344778
2012,ZFYVE16,0.14610893926
2013,ZFYVE9,0.08098836906
2014,ZMAT3,0.134532026
2015,ZNF274,0.23649883389999998
2016,ZNRF3,0.11184602538733525
