node_num,node_name,node_type,outgoing_weight,incoming_weight,total_weight
1,ABL1,gene,0.0,4.992921044,4.992921044
2,ABL2,gene,0.0,2.4271364799999997,2.4271364799999997
3,ACAA1,gene,0.0,1.182425782,1.182425782
4,ACACA,gene,0.0,0.2052839698,0.2052839698
5,ACACB,gene,0.0,0.4188860772,0.4188860772
6,ACADL,gene,0.0,1.6591289599999999,1.6591289599999999
7,ACADM,gene,0.0,1.537951259,1.537951259
8,ACOX1,gene,0.0,2.2823632839999997,2.2823632839999997
9,ACOX2,gene,0.0,2.418404788,2.418404788
10,ACOX3,gene,0.0,1.6791987679999998,1.6791987679999998
11,ACSBG1,gene,0.0,1.596163952,1.596163952
12,ACSBG2,gene,0.0,2.237104532,2.237104532
13,ACSL1,gene,0.0,2.112605593,2.112605593
14,ACSL3,gene,0.0,1.8377753216000001,1.8377753216000001
15,ACSL5,gene,0.0,2.29629144206,2.29629144206
16,ACSL6,gene,0.0,2.024836404,2.024836404
17,ACTA2,gene,0.0,0.0,0.0
18,ACTB,gene,0.0,0.4594999767999999,0.4594999767999999
19,ACTG1,gene,0.0,0.207618144,0.207618144
20,ACVR1,gene,0.9982964899999999,0.0,0.9982964899999999
21,ACVR1B,gene,0.0,0.0,0.0
22,ACVR1C,gene,0.0,0.0,0.0
23,ACVR2A,gene,0.0,0.0,0.0
24,ACVR2B,gene,0.0,0.0,0.0
25,ADAM17,gene,0.0,0.0,0.0
26,ADCY1,gene,0.0,0.229835288,0.229835288
27,ADCY10,gene,0.0,0.0,0.0
28,ADCY2,gene,0.0,0.0,0.0
29,ADCY3,gene,0.0,0.0,0.0
30,ADCY4,gene,0.0,0.0,0.0
31,ADCY5,gene,0.0,0.0,0.0
32,ADCY6,gene,0.0,0.0,0.0
33,ADCY7,gene,0.0,0.0,0.0
34,ADCY8,gene,0.0,0.0,0.0
35,ADCY9,gene,0.0,0.0,0.0
36,ADCYAP1,gene,0.0,0.0,0.0
37,ADCYAP1R1,gene,0.0,0.0,0.0
38,ADGRB1,gene,0.0,0.241514658,0.241514658
39,ADIPOQ,gene,0.0,1.7215104187999999,1.7215104187999999
40,ADIPOR1,gene,0.0,0.0,0.0
41,ADIPOR2,gene,0.0,0.0,0.0
42,ADORA1,gene,0.0,0.0,0.0
43,ADORA2A,gene,0.0,0.0,0.0
44,ADORA2B,gene,0.0,0.0,0.0
45,ADORA3,gene,0.0,0.0,0.0
46,ADRA1A,gene,0.2356134959999999,0.0,0.2356134959999999
47,ADRA1B,gene,0.0,0.0,0.0
48,ADRA1D,gene,0.0,0.0,0.0
49,ADRA2A,gene,0.0,0.0,0.0
50,ADRA2B,gene,0.0,0.0,0.0
51,ADRA2C,gene,0.0,0.0,0.0
52,ADRB1,gene,0.0,0.0,0.0
53,ADRB2,gene,0.0,0.0,0.0
54,ADRB3,gene,0.0,0.0,0.0
55,AFDN,gene,0.0,0.0,0.0
56,AFP,gene,0.0,0.0,0.0
57,AGAP2,gene,0.8821458016,0.0,0.8821458016
58,AGER,gene,1.2424486787999998,0.725977595,1.9684262737999998
59,AGRP,gene,0.0,0.225655944,0.225655944
60,AGT,gene,0.0,0.0,0.0
61,AGTR1,gene,0.0,0.0,0.0
62,AIFM2,gene,0.0,0.2240328049999999,0.2240328049999999
63,AIM2,gene,0.0,0.0,0.0
64,AJUBA,gene,0.0,0.0,0.0
65,AKT1,gene,11.416901183399998,11.45355331968,22.870454503079998
66,AKT1S1,gene,2.251340476,3.4890524467999997,5.7403929228
67,AKT2,gene,11.364252842199999,10.562863883999999,21.927116726199998
68,AKT3,gene,10.186308936,10.890322294799999,21.076631230799997
69,ALDOA,gene,0.0,0.0,0.0
70,ALDOB,gene,0.0,0.21447064,0.21447064
71,ALDOC,gene,0.0,0.0,0.0
72,AMH,gene,0.2125243939999999,0.450563888,0.6630882819999999
73,AMHR2,gene,0.0,0.0,0.0
74,ANAPC5,gene,0.0,0.0,0.0
75,ANGPT1,gene,7.605979259,0.9901440626,8.5961233216
76,ANGPT2,gene,5.9514351616,1.3365099191999998,7.2879450808
77,ANGPT4,gene,5.704602303,1.1064617128,6.8110640157999995
78,ANGPTL4,gene,0.0,2.112618107,2.112618107
79,AOX1,gene,0.0,1.669427175,1.669427175
80,APAF1,gene,0.0,0.0,0.0
81,APBB1IP,gene,0.0,0.0,0.0
82,APC,gene,0.0,0.0,0.0
83,APC2,gene,0.0,0.0,0.0
84,APH1A,gene,0.0,0.0,0.0
85,APH1B,gene,0.0,0.0,0.0
86,APLNR,gene,0.0,0.0,0.0
87,APOA1,gene,0.0,2.035898254,2.035898254
88,APOA2,gene,0.0,2.00035932,2.00035932
89,APOA5,gene,0.0,1.9126887088000002,1.9126887088000002
90,APOC3,gene,0.0,1.6989190079999998,1.6989190079999998
91,AQP7,gene,0.0,1.498698498,1.498698498
92,ARAP3,gene,0.0,0.0,0.0
93,AREG,gene,7.358709182799999,0.225516995,7.5842261778
94,ARF1,gene,0.0,0.0,0.0
95,ARF6,gene,0.0,0.0,0.0
96,ARHGDIA,gene,0.0,0.0,0.0
97,ARHGDIB,gene,0.0,0.0,0.0
98,ARHGDIG,gene,0.0,0.0,0.0
99,ARHGEF12,gene,0.0,0.0,0.0
100,ARNT,gene,4.989698986372,0.933218117,5.922917103372
101,ARRB1,gene,0.0,0.0,0.0
102,ARRB2,gene,0.211435986,0.0,0.211435986
103,ASPH,gene,0.0,0.0,0.0
104,ATF2,gene,5.7961428622,4.5084584562,10.3046013184
105,ATF4,gene,3.1241107149,3.3633976081999997,6.4875083231
106,ATF6B,gene,1.526792048,2.1180852461999997,3.6448772941999996
107,ATG12,gene,0.0,0.0,0.0
108,ATG16L1,gene,0.0,0.0,0.0
109,ATG5,gene,0.0,0.0,0.0
110,ATM,gene,0.0,0.0,0.0
111,ATP1A1,gene,0.0,0.9848412993999999,0.9848412993999999
112,ATP1A2,gene,0.0,0.7579760799999999,0.7579760799999999
113,ATP1A3,gene,0.0,0.46422219400000003,0.46422219400000003
114,ATP1A4,gene,0.0,0.454770222,0.454770222
115,ATP1B1,gene,0.0,1.0154173114,1.0154173114
116,ATP1B2,gene,0.0,1.1187716906,1.1187716906
117,ATP1B3,gene,0.0,1.0284545938,1.0284545938
118,ATP2A1,gene,0.0,0.0,0.0
119,ATP2A2,gene,0.0,0.203543744,0.203543744
120,ATP2A3,gene,0.0,0.2263566898,0.2263566898
121,ATP2B1,gene,0.0,0.0,0.0
122,ATP2B2,gene,0.0,0.0,0.0
123,ATP2B4,gene,0.0,0.0,0.0
124,ATP6V1A,gene,0.0,0.0,0.0
125,ATP6V1B1,gene,0.0,0.0,0.0
126,ATP6V1B2,gene,0.0,0.0,0.0
127,ATP6V1C1,gene,0.0,0.0,0.0
128,ATP6V1C2,gene,0.0,0.0,0.0
129,ATP6V1D,gene,0.0,0.0,0.0
130,ATP6V1E1,gene,0.0,0.0,0.0
131,ATP6V1E2,gene,0.0,0.0,0.0
132,ATP6V1F,gene,0.0,0.0,0.0
133,ATP6V1G1,gene,0.0,0.0,0.0
134,ATP6V1G2,gene,0.0,0.0,0.0
135,ATP6V1G3,gene,0.0,0.0,0.0
136,ATP6V1H,gene,0.0,0.0,0.0
137,ATR,gene,0.2079458174,0.0,0.2079458174
138,ATXN1,gene,0.0,0.0,0.0
139,ATXN1L,gene,0.0,0.0,0.0
140,AVP,gene,0.0,0.0,0.0
141,AVPR1A,gene,0.288621592,0.0,0.288621592
142,AVPR1B,gene,0.2349983572,0.0,0.2349983572
143,AXIN1,gene,0.0,0.0,0.0
144,AXIN2,gene,0.0,0.0,0.0
145,AZI2,gene,0.0,0.0,0.0
146,BAD,gene,0.87235629,0.9832440238999999,1.8556003139
147,BAG4,gene,0.0,0.0,0.0
148,BAMBI,gene,0.0,0.0,0.0
149,BAX,gene,0.290671658,3.3402701519999995,3.6309418099999995
150,BBC3,gene,0.227253204,0.0,0.227253204
151,BCAR1,gene,0.0,0.256994668,0.256994668
152,BCL10,gene,2.783792931,0.0,2.783792931
153,BCL2,gene,2.170428146,34.415464609,36.585892754999996
154,BCL2A1,gene,0.0,0.6756747288,0.6756747288
155,BCL2L1,gene,0.6308166399999999,3.4561389237999998,4.0869555638
156,BCL2L11,gene,0.0,0.0,0.0
157,BCL3,gene,0.452180978,0.315347464,0.767528442
158,BCL6,gene,0.0,0.0,0.0
159,BDKRB1,gene,0.0,0.0,0.0
160,BDKRB2,gene,0.0,0.0,0.0
161,BDNF,gene,6.7241690312,2.8575781159999996,9.5817471472
162,BECN1,gene,0.0,0.0,0.0
163,BID,gene,0.0,0.245231566,0.245231566
164,BIRC2,gene,0.0,0.8653616899999999,0.8653616899999999
165,BIRC3,gene,0.0,0.541159656,0.541159656
166,BIRC5,gene,0.0,0.0,0.0
167,BLNK,gene,0.0,0.0,0.0
168,BMP2,gene,0.0,0.0,0.0
169,BMP4,gene,0.0,0.0,0.0
170,BMP5,gene,0.0,0.0,0.0
171,BMP6,gene,0.0,0.0,0.0
172,BMP7,gene,0.0,0.0,0.0
173,BMP8A,gene,0.0,0.0,0.0
174,BMP8B,gene,0.0,0.0,0.0
175,BMPR1A,gene,1.2239767256,0.0,1.2239767256
176,BMPR1B,gene,1.4196843933999999,0.2125243939999999,1.6322087873999997
177,BMPR2,gene,0.6341859699999999,0.0,0.6341859699999999
178,BNIP3,gene,0.0,0.0,0.0
179,BOC,gene,0.0,0.0,0.0
180,BORCS8-MEF2B,gene,0.0,1.7935047800000001,1.7935047800000001
181,BRAF,gene,0.0,0.0,0.0
182,BRAP,gene,0.0,0.0,0.0
183,BRCA1,gene,0.0,0.2506787698,0.2506787698
184,BTC,gene,0.5023427595999999,0.0,0.5023427595999999
185,BTRC,gene,0.0,0.0,0.0
186,CAB39,gene,0.259430898,0.0,0.259430898
187,CAB39L,gene,0.228829492,0.0,0.228829492
188,CACNA1C,gene,0.0,0.0,0.0
189,CACNA1D,gene,0.0,0.0,0.0
190,CACNA1S,gene,0.0,0.0,0.0
191,CACNA2D1,gene,0.0,0.0,0.0
192,CACNA2D2,gene,0.0,0.0,0.0
193,CACNA2D3,gene,0.0,0.0,0.0
194,CACNA2D4,gene,0.0,0.0,0.0
195,CACNB1,gene,0.0,0.0,0.0
196,CACNB2,gene,0.0,0.0,0.0
197,CACNB3,gene,0.0,0.0,0.0
198,CACNB4,gene,0.0,0.0,0.0
199,CACNG1,gene,0.0,0.0,0.0
200,CACNG2,gene,0.0,0.0,0.0
201,CACNG3,gene,0.0,0.0,0.0
202,CACNG4,gene,0.0,0.0,0.0
203,CACNG5,gene,0.0,0.0,0.0
204,CACNG6,gene,0.0,0.0,0.0
205,CACNG7,gene,0.0,0.0,0.0
206,CACNG8,gene,0.0,0.0,0.0
207,CACYBP,gene,0.0,0.0,0.0
208,CALM1,gene,0.0,0.0,0.0
209,CALM2,gene,0.0,0.0,0.0
210,CALM3,gene,0.287549681,0.0,0.287549681
211,CALML3,gene,0.0,0.0,0.0
212,CALML4,gene,0.0,0.284204238,0.284204238
213,CALML5,gene,0.0,0.0,0.0
214,CALML6,gene,0.0,0.0,0.0
215,CAMK1,gene,0.0,0.0,0.0
216,CAMK1D,gene,0.0,0.0,0.0
217,CAMK1G,gene,0.0,0.0,0.0
218,CAMK2A,gene,0.2219015754,0.0,0.2219015754
219,CAMK2B,gene,0.4388680198,0.0,0.4388680198
220,CAMK2D,gene,0.24730449,0.0,0.24730449
221,CAMK2G,gene,0.3486566576,0.0,0.3486566576
222,CAMK4,gene,0.7857830353999999,0.75376067849,1.5395437138899999
223,CAMKK2,gene,0.2117205082,0.0,0.2117205082
224,CAMP,gene,0.0,1.1779229119999999,1.1779229119999999
225,CARD10,gene,0.0,0.0,0.0
226,CARD11,gene,0.0,0.256441016,0.256441016
227,CARD14,gene,0.0,0.0,0.0
228,CARD16,gene,0.0,0.0,0.0
229,CARD17,gene,0.0,0.0,0.0
230,CARD18,gene,0.0,0.0,0.0
231,CARD6,gene,0.0,0.0,0.0
232,CARD8,gene,0.0,0.0,0.0
233,CARD9,gene,2.4197721501399996,0.353793566,2.7735657161399994
234,CASP1,gene,0.0,0.0,0.0
235,CASP10,gene,0.0,0.0,0.0
236,CASP12,gene,0.0,0.0,0.0
237,CASP3,gene,1.1839743768,4.053881852399999,5.237856229199999
238,CASP4,gene,0.0,0.0,0.0
239,CASP5,gene,0.0,0.0,0.0
240,CASP7,gene,0.0,0.0,0.0
241,CASP8,gene,0.6977029260000001,0.0,0.6977029260000001
242,CASP9,gene,0.0,0.0,0.0
243,CASQ1,gene,0.0,0.0,0.0
244,CASQ2,gene,0.0,0.0,0.0
245,CASR,gene,0.0,0.0,0.0
246,CASTOR1,gene,0.0,0.0,0.0
247,CASTOR2,gene,0.0,0.0,0.0
248,CAT,gene,0.0,0.0,0.0
249,CBL,gene,0.0,0.2854057,0.2854057
250,CBLB,gene,1.1432235039999998,0.6457212094,1.7889447133999998
251,CCKAR,gene,0.0,0.0,0.0
252,CCKBR,gene,0.0,0.0,0.0
253,CCL1,gene,0.0,0.0,0.0
254,CCL11,gene,0.0,1.9103290228,1.9103290228
255,CCL13,gene,0.0,0.0,0.0
256,CCL14,gene,0.0,0.0,0.0
257,CCL15,gene,0.0,0.0,0.0
258,CCL16,gene,0.0,0.0,0.0
259,CCL17,gene,0.0,1.1695253967999997,1.1695253967999997
260,CCL18,gene,0.0,0.0,0.0
261,CCL19,gene,0.0,0.0,0.0
262,CCL2,gene,0.0,1.28198681,1.28198681
263,CCL20,gene,0.0,1.4082983109999998,1.4082983109999998
264,CCL21,gene,0.0,0.0,0.0
265,CCL22,gene,0.0,0.455120842,0.455120842
266,CCL23,gene,0.0,0.0,0.0
267,CCL24,gene,0.0,0.0,0.0
268,CCL25,gene,0.0,0.0,0.0
269,CCL26,gene,0.0,0.0,0.0
270,CCL27,gene,0.0,0.0,0.0
271,CCL28,gene,0.0,0.0,0.0
272,CCL3,gene,0.0,1.3755273843999998,1.3755273843999998
273,CCL3L1,gene,0.0,1.2554552206,1.2554552206
274,CCL3L3,gene,0.0,0.8690147093399997,0.8690147093399997
275,CCL4,gene,0.0,1.4760430656,1.4760430656
276,CCL4L1,gene,0.0,0.30213792,0.30213792
277,CCL4L2,gene,0.0,0.6519360059999998,0.6519360059999998
278,CCL5,gene,0.0,0.79287953,0.79287953
279,CCL7,gene,0.0,1.8474522536,1.8474522536
280,CCL8,gene,0.0,0.0,0.0
281,CCNA1,gene,0.0,0.0,0.0
282,CCNA2,gene,0.0,0.0,0.0
283,CCNB1,gene,0.0,0.0,0.0
284,CCNB2,gene,0.0,0.0,0.0
285,CCND1,gene,0.5592171689999998,4.4285845226,4.9878016916
286,CCND2,gene,0.0,2.5447281116,2.5447281116
287,CCND3,gene,0.2019682608,1.8458585373999998,2.0478267982
288,CCNE1,gene,0.0,0.2146369791999999,0.2146369791999999
289,CCNE2,gene,0.0,0.2019682608,0.2019682608
290,CCNG1,gene,0.0,0.0,0.0
291,CCNG2,gene,0.0,0.2121792,0.2121792
292,CCR1,gene,0.0,0.0,0.0
293,CCR10,gene,0.0,0.0,0.0
294,CCR2,gene,0.0,0.0,0.0
295,CCR3,gene,0.201600092,0.0,0.201600092
296,CCR4,gene,0.0,0.0,0.0
297,CCR5,gene,0.0,0.0,0.0
298,CCR6,gene,0.0,0.0,0.0
299,CCR7,gene,0.0,0.0,0.0
300,CCR8,gene,0.0,0.0,0.0
301,CCR9,gene,0.0,0.0,0.0
302,CD14,gene,0.0,0.0,0.0
303,CD19,gene,0.7945357748,0.3811136292,1.175649404
304,CD209,gene,0.0,0.0,0.0
305,CD22,gene,0.0,0.0,0.0
306,CD247,gene,0.0,0.0,0.0
307,CD28,gene,0.7628269913999999,0.0,0.7628269913999999
308,CD36,gene,0.0,3.9313448346,3.9313448346
309,CD38,gene,0.0,0.45691813599999986,0.45691813599999986
310,CD3E,gene,0.40084374,0.0,0.40084374
311,CD4,gene,0.482371468,0.0,0.482371468
312,CD40,gene,0.0,0.0,0.0
313,CD72,gene,0.0,0.0,0.0
314,CD79A,gene,0.0,0.270812458,0.270812458
315,CD79B,gene,0.0,0.302031208,0.302031208
316,CD80,gene,0.0,0.0,0.0
317,CD82,gene,0.0,0.0,0.0
318,CD86,gene,0.0,0.0,0.0
319,CD8A,gene,0.464712084,0.0,0.464712084
320,CD8B,gene,0.300340712,0.0,0.300340712
321,CDC25B,gene,0.0,0.7757975479999999,0.7757975479999999
322,CDC37,gene,0.4831089447999998,0.0,0.4831089447999998
323,CDC42,gene,1.2239343216,0.7415271376,1.9654614592000001
324,CDH1,gene,0.0,0.0,0.0
325,CDK1,gene,0.0,0.0,0.0
326,CDK2,gene,0.0,0.0,0.0
327,CDK4,gene,0.206859802,0.9472140520000001,1.1540738540000002
328,CDK6,gene,0.0,0.0,0.0
329,CDKN1A,gene,0.2146369791999999,4.7915453274,5.0061823065999995
330,CDKN1B,gene,0.0,0.4222195658,0.4222195658
331,CDKN2A,gene,0.0,0.0,0.0
332,CDKN2B,gene,0.0,0.2417983932,0.2417983932
333,CDKN2D,gene,0.0,0.0,0.0
334,CDON,gene,0.0,0.0,0.0
335,CEBPB,gene,5.1115977042,2.802397742,7.9139954462
336,CER1,gene,0.0,0.0,0.0
337,CFLAR,gene,0.0,0.6265574928,0.6265574928
338,CFTR,gene,0.0,1.0120022962,1.0120022962
339,CGA,gene,0.0,0.0,0.0
340,CHAD,gene,0.0,0.0,0.0
341,CHD8,gene,0.0,0.0,0.0
342,CHEK1,gene,0.2392465932,0.0,0.2392465932
343,CHEK2,gene,0.2519593631,0.0,0.2519593631
344,CHRD,gene,0.0,0.0,0.0
345,CHRM1,gene,0.0,0.0,0.0
346,CHRM2,gene,0.0,0.0,0.0
347,CHRM3,gene,0.0,0.0,0.0
348,CHRM5,gene,0.0,0.0,0.0
349,CHUK,gene,3.1227849684,3.032446393,6.1552313614
350,CIR1,gene,0.5705669649999998,1.124514126,1.6950810909999998
351,CISH,gene,2.2103877339999998,2.2262391035999998,4.4366268375999995
352,CLEC1B,gene,0.0,0.0,0.0
353,CLEC4D,gene,0.0,0.0,0.0
354,CLEC4E,gene,0.0,0.0,0.0
355,CLEC4M,gene,0.0,0.0,0.0
356,CLEC6A,gene,0.0,0.0,0.0
357,CLEC7A,gene,0.0,0.0,0.0
358,CLIP1,gene,0.0,0.456232018,0.456232018
359,CNR1,gene,0.235113317,0.0,0.235113317
360,CNTF,gene,0.6163375468,0.0,0.6163375468
361,CNTFR,gene,0.0,0.0,0.0
362,COL1A1,gene,0.0,0.424393252,0.424393252
363,COL1A2,gene,0.0,0.446227628,0.446227628
364,COL2A1,gene,0.0,0.0,0.0
365,COL3A1,gene,0.0,0.0,0.0
366,COL4A1,gene,0.0,0.0,0.0
367,COL4A2,gene,0.0,0.0,0.0
368,COL4A3,gene,0.0,0.0,0.0
369,COL4A4,gene,0.0,0.0,0.0
370,COL6A1,gene,0.0,0.0,0.0
371,COL6A2,gene,0.0,0.0,0.0
372,COL6A3,gene,0.0,0.0,0.0
373,COL6A5,gene,0.0,0.0,0.0
374,COL6A6,gene,0.0,0.0,0.0
375,COL9A1,gene,0.0,0.0,0.0
376,COL9A2,gene,0.0,0.0,0.0
377,COL9A3,gene,0.0,0.0,0.0
378,COMP,gene,0.0,0.0,0.0
379,COP1,gene,0.0,0.0,0.0
380,CPT1A,gene,0.0,5.3295472366,5.3295472366
381,CPT1B,gene,0.0,4.3860390352,4.3860390352
382,CPT1C,gene,0.0,3.4647853642,3.4647853642
383,CPT2,gene,0.0,1.5451237759999998,1.5451237759999998
384,CREB1,gene,5.106944699,2.9813930731999996,8.0883377722
385,CREB3,gene,6.22933429,1.7400382659999998,7.969372556
386,CREB3L1,gene,3.9676445713999997,4.0885210874,8.0561656588
387,CREB3L2,gene,5.0714237213999995,4.296001371999999,9.367425093399998
388,CREB3L3,gene,6.031211372,5.052083455,11.083294827
389,CREB3L4,gene,4.2885628472,3.539609309,7.828172156199999
390,CREB5,gene,2.634716101,4.2120536738,6.8467697748
391,CREBBP,gene,13.978500643799999,2.0288062703999996,16.007306914199997
392,CRK,gene,1.3814080539999998,7.543704072,8.925112126
393,CRKL,gene,2.0110766146,7.6726293606,9.6837059752
394,CRTC2,gene,0.9218764725999999,0.484292878,1.4061693506
395,CSF1,gene,5.5169778634,0.0,5.5169778634
396,CSF1R,gene,2.9480404462,10.7471222146,13.6951626608
397,CSF2,gene,0.9275134149999998,3.0890926032,4.0166060182
398,CSF2RB,gene,0.0,0.0,0.0
399,CSF3,gene,0.8193410609999999,2.02667304,2.8460141009999997
400,CSF3R,gene,0.0,0.0,0.0
401,CSH1,gene,0.675083077,0.0,0.675083077
402,CSH2,gene,0.624981344,0.0,0.624981344
403,CSN2,gene,0.0,1.2928930036000001,1.2928930036000001
404,CSNK1A1,gene,0.0,0.0,0.0
405,CSNK1A1L,gene,0.0,0.0,0.0
406,CSNK1D,gene,0.0,0.0,0.0
407,CSNK1E,gene,0.0,0.0,0.0
408,CSNK1G1,gene,0.0,0.0,0.0
409,CSNK1G2,gene,0.0,0.0,0.0
410,CSNK1G3,gene,0.0,0.0,0.0
411,CSNK2A1,gene,0.0,0.0,0.0
412,CSNK2A2,gene,0.0,0.0,0.0
413,CSNK2A3,gene,0.0,0.0,0.0
414,CSNK2B,gene,0.0,0.0,0.0
415,CTBP1,gene,2.212461716,0.0,2.212461716
416,CTBP2,gene,1.9222640156,0.357792128,2.2800561436
417,CTF1,gene,0.775918686,0.0,0.775918686
418,CTLA4,gene,0.0,0.0,0.0
419,CTNNA1,gene,0.0,0.0,0.0
420,CTNNA2,gene,0.0,0.0,0.0
421,CTNNA3,gene,0.0,0.0,0.0
422,CTNNB1,gene,0.0,0.2473510966,0.2473510966
423,CTNNBIP1,gene,0.0,0.0,0.0
424,CTNND1,gene,0.0,0.0,0.0
425,CTNND2,gene,0.0,0.0,0.0
426,CTSB,gene,0.0,0.0,0.0
427,CTSD,gene,0.245231566,1.795474434,2.040706
428,CUL1,gene,0.0,0.0,0.0
429,CUL3,gene,0.0,0.0,0.0
430,CX3CL1,gene,0.0,0.0,0.0
431,CX3CR1,gene,0.208481359,0.0,0.208481359
432,CXCL1,gene,0.0,1.2109740413999999,1.2109740413999999
433,CXCL10,gene,0.0,1.068335114,1.068335114
434,CXCL11,gene,0.0,0.0,0.0
435,CXCL12,gene,0.0,0.0,0.0
436,CXCL13,gene,0.0,0.0,0.0
437,CXCL14,gene,0.0,0.0,0.0
438,CXCL16,gene,0.0,0.0,0.0
439,CXCL2,gene,0.0,0.9331512606000001,0.9331512606000001
440,CXCL3,gene,0.0,1.6764255474999998,1.6764255474999998
441,CXCL5,gene,0.0,1.8975696919999998,1.8975696919999998
442,CXCL6,gene,0.0,1.1212145728,1.1212145728
443,CXCL8,gene,0.0,1.808407992,1.808407992
444,CXCL9,gene,0.0,0.0,0.0
445,CXCR1,gene,0.0,0.0,0.0
446,CXCR2,gene,0.281171228,0.0,0.281171228
447,CXCR4,gene,0.0,0.0,0.0
448,CXCR5,gene,0.0,0.0,0.0
449,CXCR6,gene,0.0,0.0,0.0
450,CXXC4,gene,0.0,0.0,0.0
451,CYCS,gene,0.0,0.0,0.0
452,CYLD,gene,0.0,0.0,0.0
453,CYP17A1,gene,0.0,0.0,0.0
454,CYP27A1,gene,0.0,1.8346573332,1.8346573332
455,CYP7A1,gene,0.0,1.089074818,1.089074818
456,CYP8B1,gene,0.0,1.576894296,1.576894296
457,CYSLTR2,gene,0.0,0.0,0.0
458,CYTH1,gene,0.0,0.0,0.0
459,CYTH2,gene,0.0,0.0,0.0
460,CYTH3,gene,0.0,0.0,0.0
461,CYTH4,gene,0.0,0.0,0.0
462,DAAM1,gene,0.0,0.2437199179999999,0.2437199179999999
463,DAAM2,gene,0.0,0.0,0.0
464,DAB2IP,gene,0.0,0.0,0.0
465,DAPP1,gene,0.0,0.505523274,0.505523274
466,DAXX,gene,0.0,0.0,0.0
467,DBI,gene,0.0,1.9338625048,1.9338625048
468,DCHS1,gene,0.0,0.0,0.0
469,DCHS2,gene,0.0,0.0,0.0
470,DCN,gene,0.0,0.0,0.0
471,DDB2,gene,0.0,0.0,0.0
472,DDIT3,gene,0.0,1.552498668,1.552498668
473,DDIT4,gene,0.0,0.0,0.0
474,DDX58,gene,0.0,0.0,0.0
475,DEFB4A,gene,0.0,1.7869869769999998,1.7869869769999998
476,DEFB4B,gene,0.0,1.8781333166,1.8781333166
477,DEPDC5,gene,0.0,0.0,0.0
478,DEPTOR,gene,0.696898942,0.0,0.696898942
479,DHH,gene,0.0,0.0,0.0
480,DHX33,gene,0.0,0.0,0.0
481,DHX58,gene,0.0,0.0,0.0
482,DIAPH1,gene,0.0,0.0,0.0
483,DISP1,gene,0.0,0.0,0.0
484,DKK1,gene,0.0,0.0,0.0
485,DKK2,gene,0.0,0.0,0.0
486,DKK4,gene,0.0,0.0,0.0
487,DLG1,gene,0.514472226,0.2501826399999999,0.7646548659999999
488,DLG2,gene,0.0,0.0,0.0
489,DLG4,gene,0.0,0.0,0.0
490,DLG5,gene,0.0,0.0,0.0
491,DLL1,gene,0.0,0.0,0.0
492,DLL3,gene,0.0,0.0,0.0
493,DLL4,gene,0.0,0.0,0.0
494,DNM1L,gene,0.0,0.0,0.0
495,DOCK2,gene,0.2036171699999999,1.536342956,1.7399601259999997
496,DOCK4,gene,0.0,0.0,0.0
497,DRD1,gene,0.0,0.0,0.0
498,DRD2,gene,0.0,0.0,0.0
499,DRD5,gene,0.0,0.0,0.0
500,DTX1,gene,0.0,0.0,0.0
501,DTX2,gene,0.0,0.0,0.0
502,DTX3,gene,0.0,0.0,0.0
503,DTX3L,gene,0.0,0.0,0.0
504,DTX4,gene,0.0,0.0,0.0
505,DUSP1,gene,0.49185578299999977,0.0,0.49185578299999977
506,DUSP10,gene,1.6919303624,0.0,1.6919303624
507,DUSP16,gene,1.7768073392,0.0,1.7768073392
508,DUSP2,gene,1.7002093189999998,0.0,1.7002093189999998
509,DUSP3,gene,1.3605793631999998,0.0,1.3605793631999998
510,DUSP4,gene,2.3870696029999996,0.0,2.3870696029999996
511,DUSP5,gene,0.9969948853999999,0.0,0.9969948853999999
512,DUSP6,gene,0.5474657108000001,0.0,0.5474657108000001
513,DUSP7,gene,2.2554045434,0.0,2.2554045434
514,DUSP8,gene,2.0540724268,0.0,2.0540724268
515,DVL1,gene,0.0,0.0,0.0
516,DVL2,gene,0.0,0.0,0.0
517,DVL3,gene,0.0,0.0,0.0
518,E2F4,gene,0.0,0.0,0.0
519,E2F5,gene,0.0,0.0,0.0
520,EBAG9,gene,0.0,1.7584417408,1.7584417408
521,ECSIT,gene,0.0,0.0,0.0
522,EDAR,gene,0.0,0.0,0.0
523,EDARADD,gene,0.0,0.0,0.0
524,EDN1,gene,0.0,2.1039429794,2.1039429794
525,EDN2,gene,0.0,0.0,0.0
526,EDN3,gene,0.0,0.0,0.0
527,EDNRA,gene,0.0,0.0,0.0
528,EDNRB,gene,0.0,0.0,0.0
529,EEF2,gene,0.0,0.0,0.0
530,EEF2K,gene,0.0,0.5320678259999999,0.5320678259999999
531,EFCAB7,gene,0.0,0.0,0.0
532,EFNA1,gene,5.5621211474,0.0,5.5621211474
533,EFNA2,gene,5.984685015999999,0.0,5.984685015999999
534,EFNA3,gene,6.2449453022,0.0,6.2449453022
535,EFNA4,gene,5.865798688,0.0,5.865798688
536,EFNA5,gene,7.027814762,0.0,7.027814762
537,EGF,gene,7.515964448,1.245015219,8.760979667
538,EGFR,gene,15.5913557202,39.2676609404,54.8590166606
539,EGLN1,gene,0.0,0.0,0.0
540,EGLN2,gene,0.0,0.0,0.0
541,EGLN3,gene,0.0,0.232029721,0.232029721
542,EGR1,gene,0.0,0.0,0.0
543,EGR2,gene,0.0,0.5066715948,0.5066715948
544,EGR3,gene,0.0,0.0,0.0
545,EHHADH,gene,0.0,1.918710934,1.918710934
546,EI24,gene,0.0,0.0,0.0
547,EIF4B,gene,0.0,0.205940802,0.205940802
548,EIF4E,gene,0.0,0.0,0.0
549,EIF4E1B,gene,0.0,0.0,0.0
550,EIF4E2,gene,0.0,0.0,0.0
551,EIF4EBP1,gene,0.0,2.2097978659999997,2.2097978659999997
552,ELAVL1,gene,0.0,0.4748791951,0.4748791951
553,ELF5,gene,0.0,1.4145565448,1.4145565448
554,ELK4,gene,0.2462398234,1.359278488,1.6055183114
555,ELMO1,gene,0.0,1.414325304,1.414325304
556,ELOB,gene,0.0,0.0,0.0
557,ELOC,gene,0.0,0.0,0.0
558,ENAH,gene,0.0,0.0,0.0
559,ENO1,gene,0.0,0.8297128219999998,0.8297128219999998
560,ENO2,gene,0.0,0.0,0.0
561,ENO3,gene,0.0,0.0,0.0
562,ENO4,gene,0.0,0.2045909836,0.2045909836
563,EP300,gene,15.354063519,3.1669799562,18.5210434752
564,EPHA2,gene,6.863485388,25.3912853332,32.254770721199996
565,EPO,gene,0.686805712,1.1275814603999998,1.8143871723999998
566,EPOR,gene,0.0,0.0,0.0
567,ERBB2,gene,5.0509562518,12.435537631939999,17.48649388374
568,ERBB3,gene,3.9720589148,9.3986856808,13.3707445956
569,ERBB4,gene,5.704336564,13.643775777999998,19.348112342
570,ERBIN,gene,0.0,0.0,0.0
571,EREG,gene,6.641323199,0.0,6.641323199
572,ESR1,gene,24.00659656,5.856981859999999,29.863578419999996
573,ESR2,gene,13.919725007599999,3.3235754012,17.2433004088
574,ESRRB,gene,0.0,0.0,0.0
575,ETS1,gene,0.0,0.3490556489999999,0.3490556489999999
576,ETS2,gene,0.0,0.0,0.0
577,EVC,gene,0.0,0.0,0.0
578,EVC2,gene,0.0,0.0,0.0
579,EVL,gene,0.0,0.0,0.0
580,EXOC2,gene,0.0,0.0,0.0
581,EXOC7,gene,0.0,0.0,0.0
582,F2,gene,0.0,0.0,0.0
583,F2R,gene,0.8311865785999999,0.0,0.8311865785999999
584,F2RL3,gene,0.0,0.0,0.0
585,F3,gene,0.0,0.9605015614,0.9605015614
586,FABP1,gene,0.0,1.395100926,1.395100926
587,FABP3,gene,0.0,2.0656467519999997,2.0656467519999997
588,FABP4,gene,0.0,1.8448725739999996,1.8448725739999996
589,FADD,gene,0.2600961039999999,0.0,0.2600961039999999
590,FADS2,gene,0.0,1.91301034,1.91301034
591,FARP2,gene,0.0,0.6658857859999999,0.6658857859999999
592,FAS,gene,0.0,0.0,0.0
593,FASLG,gene,0.0,0.0,0.0
594,FASN,gene,0.0,0.0,0.0
595,FAT4,gene,0.0,0.0,0.0
596,FBP1,gene,0.0,0.0,0.0
597,FBP2,gene,0.0,0.0,0.0
598,FBXO25,gene,0.0,0.0,0.0
599,FBXO32,gene,0.0,0.0,0.0
600,FBXW11,gene,0.0,0.0,0.0
601,FCER1A,gene,1.0807307666,0.0,1.0807307666
602,FCER1G,gene,0.532834718,0.6491081166,1.1819428346
603,FCGR2B,gene,0.0,0.0,0.0
604,FFAR2,gene,0.0,0.0,0.0
605,FGF1,gene,7.0643197311999995,0.0,7.0643197311999995
606,FGF10,gene,9.0009761594,0.0,9.0009761594
607,FGF17,gene,8.0565303174,0.0,8.0565303174
608,FGF18,gene,6.4778873512,0.0,6.4778873512
609,FGF19,gene,7.2876385612,0.0,7.2876385612
610,FGF2,gene,15.81228587,1.0,16.81228587
611,FGF20,gene,8.116115504,0.0,8.116115504
612,FGF21,gene,7.4773698483999995,0.0,7.4773698483999995
613,FGF22,gene,8.383436588999999,0.0,8.383436588999999
614,FGF23,gene,6.3143276226,0.0,6.3143276226
615,FGF3,gene,8.1226160748,0.0,8.1226160748
616,FGF4,gene,7.166028667,0.0,7.166028667
617,FGF5,gene,6.83669947874,0.0,6.83669947874
618,FGF6,gene,7.8221580506,0.0,7.8221580506
619,FGF7,gene,7.491976107599999,0.0,7.491976107599999
620,FGF8,gene,8.121183516399999,0.0,8.121183516399999
621,FGF9,gene,8.0399587726,0.0,8.0399587726
622,FGFR1,gene,6.1649899887999995,10.0498324192,16.214822408
623,FGFR2,gene,11.366966262,25.3861647902,36.7531310522
624,FGFR3,gene,6.6183886462,11.649029043199999,18.2674176894
625,FGFR4,gene,5.697590524,10.1261407918,15.8237313158
626,FGR,gene,8.067264282,2.2070875791999995,10.2743518612
627,FLCN,gene,0.0,0.0,0.0
628,FLNB,gene,0.0,0.0,0.0
629,FLNC,gene,0.0,0.0,0.0
630,FLOT1,gene,0.0,0.0,0.0
631,FLOT2,gene,0.0,0.0,0.0
632,FLT1,gene,4.3065848326,13.2416743876,17.5482592202
633,FLT3,gene,1.9876552212,13.6189355058,15.606590727
634,FLT3LG,gene,6.9088324089999995,0.0,6.9088324089999995
635,FLT4,gene,4.415984135,14.073012328399999,18.4889964634
636,FMOD,gene,0.0,0.0,0.0
637,FN1,gene,0.0,0.0,0.0
638,FNIP1,gene,0.0,0.0,0.0
639,FNIP2,gene,0.0,0.0,0.0
640,FOS,gene,8.9183530862,8.7208713642,17.6392244504
641,FOSB,gene,6.833738715199999,4.2850993696,11.1188380848
642,FOSL1,gene,7.6966667716999995,4.1407397706,11.837406542299998
643,FOXO1,gene,0.22882365,4.3449104332,4.5737340832
644,FOXO3,gene,0.4279983461999999,5.018767157799999,5.446765503999999
645,FPR1,gene,0.0,0.0,0.0
646,FRAT1,gene,0.0,0.0,0.0
647,FRAT2,gene,0.0,0.0,0.0
648,FRMD1,gene,0.0,0.0,0.0
649,FRMD6,gene,0.0,0.0,0.0
650,FRS2,gene,0.0,0.0,0.0
651,FSHB,gene,0.0,0.0,0.0
652,FSHR,gene,0.0,0.0,0.0
653,FST,gene,0.0,0.0,0.0
654,FXYD1,gene,0.0,0.0,0.0
655,FXYD2,gene,0.0,0.8014515632,0.8014515632
656,FYB1,gene,0.0,0.0,0.0
657,FYN,gene,1.842372034,4.165994504,6.008366538000001
658,FZD1,gene,0.0,0.0,0.0
659,FZD10,gene,0.253142206,0.0,0.253142206
660,FZD2,gene,0.287772164,0.0,0.287772164
661,FZD3,gene,0.0,0.0,0.0
662,FZD4,gene,0.4952349969999999,0.0,0.4952349969999999
663,FZD5,gene,0.7184809219999999,0.0,0.7184809219999999
664,FZD6,gene,0.0,0.0,0.0
665,FZD7,gene,0.0,0.0,0.0
666,FZD8,gene,0.2442052579999999,0.0,0.2442052579999999
667,FZD9,gene,0.2079943232,0.0,0.2079943232
668,G6PC2,gene,0.0,1.6967291161999998,1.6967291161999998
669,G6PC3,gene,0.0,0.2241720563999999,0.2241720563999999
670,GAB1,gene,2.1578808642399996,3.6560718628,5.81395272704
671,GAB2,gene,2.5560324486,3.1925953288,5.748627777399999
672,GABARAP,gene,0.0,0.0,0.0
673,GABARAPL1,gene,0.0,0.0,0.0
674,GABARAPL2,gene,0.0,0.0,0.0
675,GABBR1,gene,0.0,0.0,0.0
676,GABBR2,gene,0.0,0.0,0.0
677,GADD45A,gene,0.0,0.360989514,0.360989514
678,GADD45B,gene,0.0,0.884796416,0.884796416
679,GADD45G,gene,0.0,1.0759666843999998,1.0759666843999998
680,GALT,gene,0.0,0.0,0.0
681,GAPDH,gene,0.0,0.7734794972999999,0.7734794972999999
682,GAS1,gene,0.0,0.0,0.0
683,GATA4,gene,0.0,0.0,0.0
684,GCG,gene,0.0,0.0,0.0
685,GCGR,gene,0.0,0.0,0.0
686,GCK,gene,0.0,1.056007372,1.056007372
687,GDF5,gene,0.0,0.0,0.0
688,GDF6,gene,0.0,0.0,0.0
689,GDF7,gene,0.0,0.0,0.0
690,GDNF,gene,4.0785972004,0.0,4.0785972004
691,GFAP,gene,0.0,1.376325981,1.376325981
692,GH1,gene,0.401066852,0.0,0.401066852
693,GH2,gene,1.0641335236,0.0,1.0641335236
694,GHR,gene,0.0,0.0,0.0
695,GHRL,gene,0.0,0.0,0.0
696,GHSR,gene,0.0,0.0,0.0
697,GIP,gene,0.0,0.0,0.0
698,GIPR,gene,0.0,0.0,0.0
699,GK2,gene,0.0,1.860816777,1.860816777
700,GLI1,gene,1.6724820411999999,0.9517871949999999,2.6242692362
701,GLI2,gene,1.8196464484,0.20475509,2.0244015384
702,GLI3,gene,1.3448351235879998,0.45068892259999993,1.7955240461879998
703,GLP1R,gene,0.0,0.0,0.0
704,GNA11,gene,0.2167666302,0.0,0.2167666302
705,GNA12,gene,0.0,0.0,0.0
706,GNA13,gene,0.230256018,0.0,0.230256018
707,GNA14,gene,0.0,0.0,0.0
708,GNA15,gene,0.0,0.0,0.0
709,GNAI1,gene,5.2941220827999995,0.686303539,5.980425621799999
710,GNAI2,gene,6.071958534,0.6369179896,6.7088765236
711,GNAI3,gene,5.3884753778,0.0,5.3884753778
712,GNAL,gene,0.0,0.0,0.0
713,GNAO1,gene,0.9996349059999998,0.235113317,1.2347482229999998
714,GNAQ,gene,0.2985090019999999,0.0,0.2985090019999999
715,GNAS,gene,0.484041212,0.0,0.484041212
716,GNB1,gene,0.8684988925999998,0.24871348,1.1172123725999998
717,GNB2,gene,1.41096074548,0.0,1.41096074548
718,GNB3,gene,1.11663512464,0.0,1.11663512464
719,GNB4,gene,1.876988957,0.0,1.876988957
720,GNB5,gene,1.1100867937999999,0.241321596,1.3514083897999998
721,GNG10,gene,0.4510795729999999,0.2372292599999999,0.6883088329999998
722,GNG11,gene,1.7020994226,0.0,1.7020994226
723,GNG12,gene,0.5043280992,0.0,0.5043280992
724,GNG13,gene,0.440255936,0.0,0.440255936
725,GNG2,gene,0.8993166979299999,0.0,0.8993166979299999
726,GNG3,gene,1.6649944522,0.0,1.6649944522
727,GNG4,gene,0.264529337,0.0,0.264529337
728,GNG5,gene,2.14036043568,0.0,2.14036043568
729,GNG7,gene,2.0911157583399995,0.0,2.0911157583399995
730,GNG8,gene,0.709756002,0.201347142,0.911103144
731,GNGT1,gene,2.1440578798,0.0,2.1440578798
732,GNGT2,gene,2.21310534704,0.0,2.21310534704
733,GNRH1,gene,0.0,0.0,0.0
734,GNRH2,gene,0.0,0.0,0.0
735,GNRHR,gene,0.0,0.0,0.0
736,GPER1,gene,0.0,0.0,0.0
737,GPR161,gene,0.0,0.0,0.0
738,GPRC6A,gene,0.2193288219999999,0.0,0.2193288219999999
739,GRAP2,gene,0.0,0.0,0.0
740,GRB10,gene,0.5767595659999999,0.498451692,1.075211258
741,GRB2,gene,10.325946569,9.734685083599999,20.060631652599998
742,GREM1,gene,0.0,0.0,0.0
743,GREM2,gene,0.0,0.0,0.0
744,GRIA1,gene,0.0,0.0,0.0
745,GRIA2,gene,0.0,0.0,0.0
746,GRIA4,gene,0.0,0.0,0.0
747,GRIN1,gene,0.0,0.0,0.0
748,GRIN2A,gene,0.0,0.0,0.0
749,GRIN2B,gene,0.0,0.0,0.0
750,GRIN2C,gene,0.0,0.0,0.0
751,GRIN2D,gene,0.0,0.0,0.0
752,GRIN3A,gene,0.0,0.0,0.0
753,GRIN3B,gene,0.0,0.0,0.0
754,GRK1,gene,0.0,0.0,0.0
755,GRK2,gene,0.0,0.0,0.0
756,GRK3,gene,0.0,0.0,0.0
757,GRK4,gene,0.0,0.0,0.0
758,GRK5,gene,0.0,0.0,0.0
759,GRK6,gene,0.0,0.0,0.0
760,GRK7,gene,0.0,0.0,0.0
761,GRM1,gene,0.0,0.0,0.0
762,GRM2,gene,0.214539554,0.0,0.214539554
763,GRM3,gene,0.20865307766,0.0,0.20865307766
764,GRM4,gene,0.0,0.0,0.0
765,GRM5,gene,0.0,0.0,0.0
766,GRM6,gene,0.0,0.0,0.0
767,GRM7,gene,0.0,0.0,0.0
768,GRM8,gene,0.4838219598,0.0,0.4838219598
769,GSDMD,gene,0.0,0.0,0.0
770,GSK3A,gene,0.0,0.0,0.0
771,GSK3B,gene,0.0,0.2432694672,0.2432694672
772,GTF2I,gene,0.0,0.0,0.0
773,GTF2IRD1,gene,0.0,0.0,0.0
774,GTSE1,gene,0.0,0.2291966559999999,0.2291966559999999
775,GYS1,gene,0.0,0.0,0.0
776,GYS2,gene,0.0,0.2164555919999999,0.2164555919999999
777,HAMP,gene,0.0,0.0,0.0
778,HBEGF,gene,0.0,0.545378144,0.545378144
779,HCAR1,gene,0.0,0.0,0.0
780,HCAR2,gene,0.0,0.0,0.0
781,HCAR3,gene,0.0,0.0,0.0
782,HCK,gene,0.6683268132,0.0,0.6683268132
783,HDAC1,gene,10.614816244,3.5470375159999996,14.16185376
784,HDAC2,gene,9.142482994,4.587404826,13.72988782
785,HDAC3,gene,3.7134035880000003,3.302644378,7.016047966
786,HDAC4,gene,2.740906044,1.345009294,4.0859153379999995
787,HDAC5,gene,0.0,0.0,0.0
788,HES1,gene,0.0,0.22945158034,0.22945158034
789,HES5,gene,0.0,0.2389890439999999,0.2389890439999999
790,HEY1,gene,0.0,0.295720685,0.295720685
791,HEY2,gene,0.0,0.0,0.0
792,HEYL,gene,0.0,0.0,0.0
793,HGF,gene,6.254515325199999,0.0,6.254515325199999
794,HHAT,gene,0.0,0.0,0.0
795,HHATL,gene,0.0,0.0,0.0
796,HHIP,gene,0.0,0.0,0.0
797,HIF1A,gene,6.5133765029,4.3596654134,10.8730419163
798,HJV,gene,0.0,0.0,0.0
799,HK1,gene,0.0,0.0,0.0
800,HK2,gene,0.0,0.46813092430000003,0.46813092430000003
801,HK3,gene,0.0,0.2106534111999999,0.2106534111999999
802,HKDC1,gene,0.0,0.0,0.0
803,HMGCR,gene,0.0,0.6855620883999999,0.6855620883999999
804,HMGCS1,gene,0.0,1.584624224,1.584624224
805,HMGCS2,gene,0.0,1.3361833179999998,1.3361833179999998
806,HMOX1,gene,0.0,0.203691974,0.203691974
807,HNF4A,gene,0.0,0.0,0.0
808,HOMER1,gene,0.8537217414,0.0,0.8537217414
809,HOMER2,gene,0.0,0.0,0.0
810,HOMER3,gene,0.6780688769999998,0.0,0.6780688769999998
811,HRAS,gene,5.42947038946,5.9599009463999995,11.389371335859998
812,HRC,gene,0.0,0.0,0.0
813,HRH1,gene,0.0,0.0,0.0
814,HRH2,gene,0.0,0.0,0.0
815,HSP90AA1,gene,0.7572613388799999,0.0,0.7572613388799999
816,HSP90AB1,gene,0.308641886,0.0,0.308641886
817,HSP90B1,gene,0.2097111972,0.0,0.2097111972
818,HSPA1A,gene,0.4478481908,0.0,0.4478481908
819,HSPA1B,gene,0.0,0.0,0.0
820,HSPA1L,gene,0.24146326,0.0,0.24146326
821,HSPA2,gene,0.0,0.0,0.0
822,HSPA6,gene,0.201614796,0.0,0.201614796
823,HSPA8,gene,1.2730743807999998,1.0,2.2730743808
824,HSPB1,gene,0.0,0.0,0.0
825,HTR1A,gene,0.0,0.0,0.0
826,HTR1B,gene,0.0,0.0,0.0
827,HTR1D,gene,0.0,0.0,0.0
828,HTR1E,gene,0.2245923448,0.0,0.2245923448
829,HTR1F,gene,0.0,0.0,0.0
830,HTR2A,gene,0.0,0.0,0.0
831,HTR2B,gene,0.0,0.0,0.0
832,HTR4,gene,0.0,0.0,0.0
833,HTR5A,gene,0.0,0.0,0.0
834,HTR6,gene,0.0,0.0,0.0
835,HTR7,gene,0.0,0.0,0.0
836,IBSP,gene,0.0,0.0,0.0
837,ICAM1,gene,0.0,0.554938192,0.554938192
838,ICOS,gene,0.2071869168,0.0,0.2071869168
839,ID1,gene,0.0,0.0,0.0
840,ID2,gene,0.0,0.0,0.0
841,ID3,gene,0.0,0.0,0.0
842,ID4,gene,0.0,0.0,0.0
843,IFI16,gene,0.0,0.0,0.0
844,IFIH1,gene,0.0,0.0,0.0
845,IFNA1,gene,0.605037054,0.754576806,1.35961386
846,IFNA10,gene,1.0403483379999998,0.748566912,1.7889152499999998
847,IFNA13,gene,1.3234768047999999,0.884474608,2.2079514128
848,IFNA14,gene,1.1848513204,1.2607517684,2.4456030888
849,IFNA16,gene,0.9829130800000001,1.165649436,2.148562516
850,IFNA17,gene,0.89345041,0.8281190459999999,1.7215694559999999
851,IFNA2,gene,0.9247125407999999,0.9456318184000001,1.8703443592
852,IFNA21,gene,0.8703396387999999,0.7703496660000001,1.6406893048
853,IFNA4,gene,0.927112328,0.9367713139999999,1.8638836419999998
854,IFNA5,gene,0.435311018,0.9588872409999998,1.3941982589999997
855,IFNA6,gene,1.2009575348,1.06445464,2.2654121748
856,IFNA7,gene,1.01612562,0.8872927899999999,1.90341841
857,IFNA8,gene,0.639641336,1.0875848759999998,1.7272262119999997
858,IFNAR1,gene,0.0,0.0,0.0
859,IFNAR2,gene,0.238718608,0.0,0.238718608
860,IFNB1,gene,0.820284712,0.5900402648,1.4103249768000001
861,IFNE,gene,1.0723771334,0.7915330279999999,1.8639101614
862,IFNG,gene,1.0594235799999998,2.9152999688,3.9747235487999997
863,IFNGR1,gene,0.822955494,0.0,0.822955494
864,IFNGR2,gene,0.6051760068,0.0,0.6051760068
865,IFNK,gene,0.9529555732,0.817833142,1.7707887152000001
866,IFNL1,gene,1.0238054229999998,0.0,1.0238054229999998
867,IFNL2,gene,0.915645534,0.0,0.915645534
868,IFNL3,gene,1.1476186508000001,0.0,1.1476186508000001
869,IFNLR1,gene,0.0,0.0,0.0
870,IFNW1,gene,0.8048267680000001,0.550498298,1.3553250660000002
871,IGF1,gene,7.8716496432,0.210678813,8.082328456199999
872,IGF1R,gene,6.7175761048,13.546874286,20.2644503908
873,IGF2,gene,6.2151878938,0.0,6.2151878938
874,IGFBP3,gene,0.210678813,0.0,0.210678813
875,IHH,gene,0.0,0.0,0.0
876,IKBKB,gene,2.8627926422,3.2714418989999996,6.1342345412
877,IKBKE,gene,0.0,0.0,0.0
878,IL10,gene,1.0116042691999998,2.419479424,3.4310836931999997
879,IL10RA,gene,0.0,0.0,0.0
880,IL10RB,gene,0.0,0.2413198278,0.2413198278
881,IL11,gene,0.7348196909999999,0.0,0.7348196909999999
882,IL11RA,gene,0.0,0.0,0.0
883,IL12A,gene,0.3504782899999999,1.580064712,1.9305430019999998
884,IL12B,gene,0.519962713,1.3649653099999999,1.8849280229999998
885,IL12RB1,gene,0.0,0.0,0.0
886,IL12RB2,gene,0.0,0.0,0.0
887,IL13,gene,0.62157912,2.0791269328,2.7007060528
888,IL15,gene,0.6225915039999999,0.0,0.6225915039999999
889,IL15RA,gene,0.0,0.0,0.0
890,IL17A,gene,0.0,0.0,0.0
891,IL17B,gene,0.0,0.0,0.0
892,IL17C,gene,0.0,0.0,0.0
893,IL17D,gene,0.841878914,2.259391799,3.101270713
894,IL17F,gene,0.0,0.0,0.0
895,IL17RA,gene,0.0,0.0,0.0
896,IL17RB,gene,0.0,0.0,0.0
897,IL17RC,gene,0.2343808839999999,0.0,0.2343808839999999
898,IL17RE,gene,0.0,0.0,0.0
899,IL18,gene,0.0,0.664881178,0.664881178
900,IL19,gene,0.7465057792,0.0,0.7465057792
901,IL1A,gene,0.0,0.5761432259999999,0.5761432259999999
902,IL1B,gene,0.0,0.9009464435999999,0.9009464435999999
903,IL1R1,gene,0.0,0.0,0.0
904,IL1RAP,gene,0.0,0.0,0.0
905,IL2,gene,0.9709710811999999,2.156639337,3.1276104181999997
906,IL20,gene,1.130259042,0.0,1.130259042
907,IL20RA,gene,0.0,0.0,0.0
908,IL20RB,gene,0.0,0.2051018,0.2051018
909,IL21,gene,0.7624618811999999,0.0,0.7624618811999999
910,IL21R,gene,0.0,0.0,0.0
911,IL22,gene,0.675587956,0.0,0.675587956
912,IL22RA1,gene,0.0,0.0,0.0
913,IL22RA2,gene,0.0,0.0,0.0
914,IL23A,gene,0.878279826,0.700603936,1.578883762
915,IL23R,gene,0.0,0.0,0.0
916,IL24,gene,0.649779922,0.0,0.649779922
917,IL25,gene,0.0,0.0,0.0
918,IL27RA,gene,0.0,0.0,0.0
919,IL2RA,gene,0.0,0.0,0.0
920,IL2RB,gene,0.0,0.0,0.0
921,IL3,gene,1.1097740363200002,0.0,1.1097740363200002
922,IL4,gene,0.7469935839999999,2.0753596219999997,2.822353206
923,IL4R,gene,0.0,0.0,0.0
924,IL5,gene,1.0092479818,2.911309184,3.9205571658
925,IL5RA,gene,0.0,0.0,0.0
926,IL6,gene,0.9829663175999999,2.5396974843999995,3.5226638019999994
927,IL6R,gene,0.0,0.2342276102,0.2342276102
928,IL6ST,gene,0.5456132,0.0,0.5456132
929,IL7,gene,0.33474321,0.0,0.33474321
930,IL7R,gene,0.0,0.42729286639999997,0.42729286639999997
931,IL9,gene,0.9819158425999999,0.0,0.9819158425999999
932,ILK,gene,0.0,1.8331849673999998,1.8331849673999998
933,INHBA,gene,0.0,0.0,0.0
934,INHBB,gene,0.0,0.0,0.0
935,INHBC,gene,0.0,0.0,0.0
936,INHBE,gene,0.0,0.0,0.0
937,INPP5D,gene,0.0,0.0,0.0
938,INPPL1,gene,0.0,0.0,0.0
939,INS,gene,6.9660464931999995,1.1332763432,8.099322836399999
940,INSL3,gene,0.0,0.0,0.0
941,INSL5,gene,0.0,0.0,0.0
942,INSR,gene,7.6602681354,13.993544545999999,21.653812681399998
943,INVS,gene,0.0,0.0,0.0
944,IQCE,gene,0.0,0.0,0.0
945,IRAK2,gene,0.2569951884,0.0,0.2569951884
946,IRAK3,gene,0.0,0.0,0.0
947,IRAK4,gene,0.0,0.0,0.0
948,IRF1,gene,0.4636125248,1.444330354,1.9079428788000001
949,IRF3,gene,0.712484116,0.0,0.712484116
950,IRF5,gene,1.35007905794,0.0,1.35007905794
951,IRF7,gene,0.8823394047999998,0.0,0.8823394047999998
952,IRF9,gene,1.081022006,1.9794893135999998,3.0605113196
953,IRS1,gene,2.9861775656,13.81566464984,16.80184221544
954,IRS2,gene,3.6411232194,3.4841812113999997,7.1253044308
955,ISG15,gene,0.0,0.0,0.0
956,ITCH,gene,0.0,0.2637902388,0.2637902388
957,ITGA1,gene,0.0,0.0,0.0
958,ITGA10,gene,0.0,0.0,0.0
959,ITGA11,gene,0.0,0.0,0.0
960,ITGA2,gene,0.0,0.0,0.0
961,ITGA2B,gene,0.0,0.0,0.0
962,ITGA3,gene,0.0,0.0,0.0
963,ITGA4,gene,0.0,0.0,0.0
964,ITGA5,gene,0.0,0.0,0.0
965,ITGA6,gene,0.0,0.0,0.0
966,ITGA7,gene,0.0,0.0,0.0
967,ITGA8,gene,0.0,0.2564435628,0.2564435628
968,ITGA9,gene,0.0,0.0,0.0
969,ITGAL,gene,0.0,0.0,0.0
970,ITGAM,gene,0.0,0.0,0.0
971,ITGAV,gene,1.8508143204,0.0,1.8508143204
972,ITGB1,gene,0.0,0.0,0.0
973,ITGB2,gene,0.0,0.0,0.0
974,ITGB3,gene,2.2233617947999997,0.43772480859999996,2.6610866034
975,ITGB4,gene,0.0,0.0,0.0
976,ITGB5,gene,0.0,0.0,0.0
977,ITGB6,gene,0.0,0.0,0.0
978,ITGB7,gene,0.0,0.0,0.0
979,ITGB8,gene,0.0,0.0,0.0
980,ITK,gene,0.267534034,3.1364525936,3.4039866276
981,ITPR1,gene,0.0,0.0,0.0
982,ITPR2,gene,0.0,0.0,0.0
983,ITPR3,gene,0.0,0.0,0.0
984,JAG1,gene,0.0,0.4836993632,0.4836993632
985,JAG2,gene,0.0,0.0,0.0
986,JAK1,gene,4.4729607179999995,1.5001518349999998,5.973112552999999
987,JAK2,gene,5.1951239788,1.7235597404,6.9186837192
988,JAK3,gene,4.6706373436,2.0257108692,6.6963482128
989,JMJD7-PLA2G4B,gene,0.0,0.545834826,0.545834826
990,JUN,gene,10.610249551799999,7.537091149799999,18.147340701599997
991,JUND,gene,7.2337247074999995,4.3010244624,11.5347491699
992,KAT2A,gene,2.5948271938,0.8931754406,3.4880026344
993,KAT2B,gene,2.25294999,1.4694487763999997,3.7223987663999996
994,KCNJ12,gene,0.0,0.0,0.0
995,KCNJ14,gene,0.0,0.0,0.0
996,KCNJ18,gene,0.0,0.0,0.0
997,KCNJ2,gene,0.0,0.0,0.0
998,KCNJ3,gene,0.0,0.0,0.0
999,KCNJ4,gene,0.0,0.0,0.0
1000,KCNJ5,gene,0.0,0.243605984,0.243605984
1001,KCNJ6,gene,0.0,0.0,0.0
1002,KCNJ8,gene,0.0,0.0,0.0
1003,KCNJ9,gene,0.0,0.2168974622,0.2168974622
1004,KCNMA1,gene,0.0,0.0,0.0
1005,KCNMB1,gene,0.0,0.0,0.0
1006,KCNMB2,gene,0.0,0.0,0.0
1007,KCNMB3,gene,0.0,0.0,0.0
1008,KCNMB4,gene,0.0,0.0,0.0
1009,KCNU1,gene,0.0,0.0,0.0
1010,KDR,gene,6.274063691199999,13.026630713,19.300694404199998
1011,KIDINS220,gene,0.0,0.0,0.0
1012,KIF3A,gene,0.0,0.0,0.0
1013,KIF7,gene,0.0,0.36707848,0.36707848
1014,KIT,gene,12.170019532,27.556128432,39.726147964
1015,KITLG,gene,5.0427765747999995,0.0,5.0427765747999995
1016,KLF2,gene,0.0,0.4840433559999999,0.4840433559999999
1017,KLF4,gene,0.0,0.2350302316,0.2350302316
1018,KNG1,gene,0.0,0.0,0.0
1019,KRAS,gene,5.224238328599999,6.7070957464,11.931334074999999
1020,KRIT1,gene,0.0,0.0,0.0
1021,KRT10,gene,0.0,1.8579838355999998,1.8579838355999998
1022,KRT12,gene,0.0,1.9729506175999998,1.9729506175999998
1023,KRT13,gene,0.0,1.9392646852,1.9392646852
1024,KRT14,gene,0.0,1.7309426371999999,1.7309426371999999
1025,KRT15,gene,0.0,1.7801613698,1.7801613698
1026,KRT16,gene,0.0,1.627446314,1.627446314
1027,KRT17,gene,0.0,1.9282194734,1.9282194734
1028,KRT18,gene,0.0,2.214565834,2.214565834
1029,KRT19,gene,0.0,1.82663649,1.82663649
1030,KRT20,gene,0.0,2.1467222916,2.1467222916
1031,KRT23,gene,0.0,1.5665619322,1.5665619322
1032,KRT24,gene,0.0,2.0366113169999998,2.0366113169999998
1033,KRT25,gene,0.0,1.9210428039999998,1.9210428039999998
1034,KRT26,gene,0.0,1.8536353912,1.8536353912
1035,KRT27,gene,0.0,1.720549383,1.720549383
1036,KRT28,gene,0.0,1.8979120161999998,1.8979120161999998
1037,KRT31,gene,0.0,1.7689343424,1.7689343424
1038,KRT32,gene,0.0,1.6109700827999998,1.6109700827999998
1039,KRT33A,gene,0.0,1.7678945278,1.7678945278
1040,KRT33B,gene,0.0,1.866277458,1.866277458
1041,KRT34,gene,0.0,1.9822770879999998,1.9822770879999998
1042,KRT35,gene,0.0,1.5609220458,1.5609220458
1043,KRT36,gene,0.0,2.160710594,2.160710594
1044,KRT37,gene,0.0,1.974410498,1.974410498
1045,KRT38,gene,0.0,1.6253245879999998,1.6253245879999998
1046,KRT39,gene,0.0,1.675050749,1.675050749
1047,KRT40,gene,0.0,2.004261376,2.004261376
1048,KRT9,gene,0.0,1.5332161268,1.5332161268
1049,KSR1,gene,0.0,0.0,0.0
1050,KSR2,gene,0.0,0.0,0.0
1051,LAMA1,gene,0.0,0.0,0.0
1052,LAMA2,gene,0.0,0.0,0.0
1053,LAMA3,gene,0.0,0.0,0.0
1054,LAMA4,gene,0.0,0.0,0.0
1055,LAMA5,gene,0.0,0.0,0.0
1056,LAMB1,gene,0.0,0.0,0.0
1057,LAMB2,gene,0.0,0.0,0.0
1058,LAMB3,gene,0.0,0.0,0.0
1059,LAMB4,gene,0.0,0.0,0.0
1060,LAMC1,gene,0.0,0.0,0.0
1061,LAMC2,gene,0.0,0.0,0.0
1062,LAMC3,gene,0.0,0.0,0.0
1063,LAMTOR1,gene,0.2372412881999999,0.0,0.2372412881999999
1064,LAMTOR2,gene,0.0,0.0,0.0
1065,LAMTOR3,gene,0.0,0.477948767,0.477948767
1066,LAMTOR4,gene,0.0,0.0,0.0
1067,LAMTOR5,gene,0.0,0.0,0.0
1068,LAT,gene,0.0,0.237706075,0.237706075
1069,LATS1,gene,0.0,0.0,0.0
1070,LATS2,gene,0.0,0.0,0.0
1071,LCK,gene,0.346821738,3.7468385580000003,4.093660296
1072,LCN2,gene,0.0,1.7960248516,1.7960248516
1073,LCP2,gene,0.0,0.216596468,0.216596468
1074,LDHA,gene,0.0,0.2202270839999999,0.2202270839999999
1075,LDHAL6A,gene,0.0,0.42731264599999996,0.42731264599999996
1076,LDHAL6B,gene,0.0,0.2022603929999999,0.2022603929999999
1077,LDHB,gene,0.0,0.0,0.0
1078,LDHC,gene,0.0,0.2957507664,0.2957507664
1079,LEF1,gene,0.0,0.6906923118,0.6906923118
1080,LEFTY1,gene,0.0,0.0,0.0
1081,LEFTY2,gene,0.0,0.0,0.0
1082,LEP,gene,1.0245520618,0.0,1.0245520618
1083,LEPR,gene,0.0,0.0,0.0
1084,LFNG,gene,0.0,0.0,0.0
1085,LGR4,gene,0.0,0.0,0.0
1086,LGR5,gene,0.0,0.0,0.0
1087,LGR6,gene,0.0,0.0,0.0
1088,LHB,gene,0.0,0.0,0.0
1089,LHCGR,gene,0.0,1.21767477,1.21767477
1090,LIF,gene,0.66379006,0.0,0.66379006
1091,LIFR,gene,0.0,0.0,0.0
1092,LILRA1,gene,0.0,0.0,0.0
1093,LILRA2,gene,0.0,0.0,0.0
1094,LILRA3,gene,0.0,0.0,0.0
1095,LILRA4,gene,0.0,0.0,0.0
1096,LILRA5,gene,0.0,0.0,0.0
1097,LILRA6,gene,0.0,0.0,0.0
1098,LILRB1,gene,0.0,0.0,0.0
1099,LILRB2,gene,0.0,0.0,0.0
1100,LILRB3,gene,0.0,0.0,0.0
1101,LILRB4,gene,0.0,0.0,0.0
1102,LILRB5,gene,0.0,0.0,0.0
1103,LIMD1,gene,0.0,0.0,0.0
1104,LIPE,gene,0.0,0.4446732352,0.4446732352
1105,LLGL1,gene,0.0,0.0,0.0
1106,LLGL2,gene,0.0,0.0,0.0
1107,LPAR1,gene,0.0,0.0,0.0
1108,LPAR2,gene,0.44451271999999986,0.0,0.44451271999999986
1109,LPAR3,gene,0.2002451792,0.0,0.2002451792
1110,LPAR5,gene,0.4320485759999999,0.0,0.4320485759999999
1111,LPAR6,gene,0.2158782957999999,0.0,0.2158782957999999
1112,LPIN1,gene,0.0,0.631894138,0.631894138
1113,LPIN2,gene,0.0,0.6127655940000001,0.6127655940000001
1114,LPIN3,gene,0.0,0.431281332,0.431281332
1115,LPL,gene,0.0,2.788169088,2.788169088
1116,LRP2,gene,0.0,0.0,0.0
1117,LRP5,gene,0.0,0.0,0.0
1118,LRP6,gene,0.0,0.0,0.0
1119,LSP1,gene,0.489572474,0.0,0.489572474
1120,LTA,gene,0.0,0.0,0.0
1121,LTB,gene,0.0,0.0,0.0
1122,LTB4R2,gene,0.0,0.0,0.0
1123,LTBP1,gene,0.0,0.0,0.0
1124,LTBR,gene,0.225134524,0.0,0.225134524
1125,LY96,gene,0.0,0.0,0.0
1126,LYN,gene,11.056587491,2.290800052,13.347387543
1127,MAGI1,gene,0.0,0.0,0.0
1128,MAGI2,gene,0.0,0.0,0.0
1129,MAGI3,gene,0.0,0.0,0.0
1130,MALT1,gene,2.6158519098,0.0,2.6158519098
1131,MAML1,gene,0.2216368686,0.229997924,0.4516347926
1132,MAML2,gene,0.2159576423999999,0.0,0.2159576423999999
1133,MAML3,gene,0.238598684,0.0,0.238598684
1134,MAP2K1,gene,0.5067850615999999,0.8637230272,1.3705080887999999
1135,MAP2K2,gene,0.4567993679999999,1.115199087,1.5719984549999997
1136,MAP2K3,gene,0.8070712939999999,0.209093998,1.016165292
1137,MAP2K4,gene,1.4216074113999997,0.805265712,2.2268731234
1138,MAP2K5,gene,0.0,0.0,0.0
1139,MAP2K6,gene,0.5788363728,0.0,0.5788363728
1140,MAP2K7,gene,2.2114926532,1.1114257928,3.322918446
1141,MAP3K1,gene,3.5984953523999996,1.3619693631999998,4.9604647156
1142,MAP3K11,gene,0.0,0.0,0.0
1143,MAP3K12,gene,0.0,0.0,0.0
1144,MAP3K13,gene,0.0,0.0,0.0
1145,MAP3K14,gene,0.564047222,0.0,0.564047222
1146,MAP3K2,gene,0.0,0.0,0.0
1147,MAP3K20,gene,0.5337726380000001,1.0,1.533772638
1148,MAP3K3,gene,0.0,0.0,0.0
1149,MAP3K4,gene,0.0,0.2103702445,0.2103702445
1150,MAP3K5,gene,2.6107307684,1.2628404363999999,3.8735712047999997
1151,MAP3K6,gene,0.0,0.0,0.0
1152,MAP3K7,gene,2.8458395409999997,0.347564214,3.193403755
1153,MAP3K8,gene,0.36114023,0.5224573931999998,0.8835976231999998
1154,MAP4K1,gene,0.0,0.0,0.0
1155,MAP4K2,gene,0.0,0.0,0.0
1156,MAP4K3,gene,0.0,0.0,0.0
1157,MAP4K4,gene,0.0,0.0,0.0
1158,MAPK1,gene,19.755426703159998,10.1454210724,29.900847775559996
1159,MAPK10,gene,7.7231827488,7.9919289644,15.715111713199999
1160,MAPK11,gene,9.049508114,8.012465299399999,17.061973413399997
1161,MAPK12,gene,8.709806238399999,5.280563033739999,13.990369272139997
1162,MAPK13,gene,11.283550803399999,7.645796926199999,18.929347729599996
1163,MAPK14,gene,17.171335539,21.019239242799998,38.190574781799995
1164,MAPK15,gene,0.43637243319999997,0.0,0.43637243319999997
1165,MAPK3,gene,20.7851722644,11.62445881,32.4096310744
1166,MAPK4,gene,0.46441225799999986,0.0,0.46441225799999986
1167,MAPK6,gene,0.21601439,0.0,0.21601439
1168,MAPK7,gene,3.402950818,1.19974339,4.602694208
1169,MAPK8,gene,7.4092529562,6.290146934399999,13.699399890599999
1170,MAPK8IP1,gene,0.23336698,0.0,0.23336698
1171,MAPK8IP2,gene,0.0,0.0,0.0
1172,MAPK8IP3,gene,0.0,0.4111802714,0.4111802714
1173,MAPK9,gene,6.441163490134,5.956890376,12.398053866134
1174,MAPKAP1,gene,0.0,0.0,0.0
1175,MAPKAPK2,gene,0.0,1.3653444526,1.3653444526
1176,MAPKAPK3,gene,0.2935452406,0.555477796,0.8490230366
1177,MAPKAPK5,gene,0.0,1.022198236,1.022198236
1178,MAPT,gene,0.0,3.0804787659999997,3.0804787659999997
1179,MATK,gene,0.0,0.4829518642,0.4829518642
1180,MAVS,gene,0.272263502,0.0,0.272263502
1181,MAX,gene,0.0,0.9526660867999999,0.9526660867999999
1182,MC2R,gene,0.0,0.0,0.0
1183,MCL1,gene,0.0,3.2410224281999995,3.2410224281999995
1184,MDM2,gene,0.0,0.7909626852,0.7909626852
1185,MDM4,gene,0.0,0.0,0.0
1186,ME1,gene,0.0,1.572441049,1.572441049
1187,ME3,gene,0.0,1.441615664,1.441615664
1188,MECOM,gene,0.0,0.0,0.0
1189,MED1,gene,3.0245552719999997,1.1987144658,4.2232697378
1190,MED12L,gene,5.2703047232,0.363556212,5.6338609351999995
1191,MED13,gene,2.663013698,2.35130353,5.0143172279999995
1192,MED13L,gene,4.3433849652,0.6954626988,5.038847664
1193,MED16,gene,5.0675226076,0.0,5.0675226076
1194,MED17,gene,3.016943885,1.6452721012,4.6622159862
1195,MED24,gene,2.333434956,2.019857562,4.353292518
1196,MED27,gene,2.467967631,1.9693072072,4.4372748382000005
1197,MED30,gene,3.5737852944,1.503157404,5.0769426984
1198,MED4,gene,3.4145839848,0.686938332,4.101522316800001
1199,MEF2A,gene,0.0,1.8784062499999998,1.8784062499999998
1200,MEF2B,gene,0.2168279499999999,1.9855601172,2.2023880672
1201,MEF2C,gene,0.0,4.3143529726,4.3143529726
1202,MEF2D,gene,0.0,1.616930119,1.616930119
1203,MEFV,gene,0.0,0.0,0.0
1204,MEGF8,gene,0.0,0.0,0.0
1205,MET,gene,3.7879617194,11.8005526678,15.5885143872
1206,MFN1,gene,0.0,0.0,0.0
1207,MFN2,gene,0.0,0.0,0.0
1208,MFNG,gene,0.0,0.0,0.0
1209,MGRN1,gene,0.0,0.0,0.0
1210,MIOS,gene,0.0,0.0,0.0
1211,MKNK1,gene,0.0,0.0,0.0
1212,MKNK2,gene,0.0,0.3077880392,0.3077880392
1213,MLKL,gene,0.0,0.0,0.0
1214,MLST8,gene,0.4270749139999999,1.3701337168,1.7972086308
1215,MLYCD,gene,0.0,0.6993285588,0.6993285588
1216,MMP1,gene,0.0,4.6258630332,4.6258630332
1217,MMP13,gene,0.0,1.7305499536,1.7305499536
1218,MMP14,gene,0.0,0.5693669198,0.5693669198
1219,MMP2,gene,0.525117296,1.385681852,1.9107991480000002
1220,MMP3,gene,0.0,1.5992456283999998,1.5992456283999998
1221,MMP7,gene,0.0,0.0,0.0
1222,MMP9,gene,0.624830846,2.7787414168,3.4035722628
1223,MOB1A,gene,0.0,0.0,0.0
1224,MOB1B,gene,0.0,0.0,0.0
1225,MOSMO,gene,0.0,0.0,0.0
1226,MPL,gene,0.0,0.0,0.0
1227,MRAS,gene,0.5303236102,0.0,0.5303236102
1228,MS4A2,gene,0.248841696,0.4699651219999998,0.7188068179999998
1229,MST1,gene,4.698935812799999,0.0,4.698935812799999
1230,MST1R,gene,0.779728176,7.0182603566,7.7979885326
1231,MTOR,gene,12.9838449,17.0727422114,30.0565871114
1232,MUC5B,gene,0.0,2.073547917,2.073547917
1233,MYB,gene,0.0,0.555258362,0.555258362
1234,MYC,gene,0.0,1.692228134,1.692228134
1235,MYD88,gene,0.0,0.0,0.0
1236,MYH6,gene,0.0,0.2363222814,0.2363222814
1237,MYH7,gene,0.0,0.6769806947199999,0.6769806947199999
1238,MYL2,gene,0.0,0.0,0.0
1239,MYL3,gene,0.0,0.0,0.0
1240,MYL4,gene,0.0,0.0,0.0
1241,MYL6,gene,0.0,0.0,0.0
1242,MYL6B,gene,0.0,0.0,0.0
1243,MYL9,gene,0.0,0.0,0.0
1244,MYLK,gene,0.0,0.0,0.0
1245,MYLK2,gene,0.0,0.0,0.0
1246,MYLK3,gene,0.0,0.0,0.0
1247,MYLK4,gene,0.0,0.0,0.0
1248,NAIP,gene,0.0,0.0,0.0
1249,NANOG,gene,0.0,0.0,0.0
1250,NBL1,gene,0.0,0.0,0.0
1251,NCF1,gene,0.0,0.266885824,0.266885824
1252,NCK1,gene,0.0,0.0,0.0
1253,NCK2,gene,0.0,0.295151914,0.295151914
1254,NCOA1,gene,14.520855391,2.7423565034,17.2632118944
1255,NCOA2,gene,18.142900222999998,0.0,18.142900222999998
1256,NCOA3,gene,15.8250238318,2.1697753879999997,17.9947992198
1257,NCOR1,gene,1.833912682,1.9555479539999998,3.789460636
1258,NCOR2,gene,0.76993972,1.19433266,1.96427238
1259,NCSTN,gene,0.0,0.0,0.0
1260,NEK7,gene,0.0,0.0,0.0
1261,NEO1,gene,0.0,0.0,0.0
1262,NF1,gene,0.0,0.0,0.0
1263,NF2,gene,0.0,0.0,0.0
1264,NFATC1,gene,4.5000855344,3.4002740121999997,7.9003595466
1265,NFATC2,gene,4.8943766020199995,1.9209089959999999,6.815285598019999
1266,NFATC3,gene,5.4287144838,3.1792939029999996,8.6080083868
1267,NFATC4,gene,3.2199016264,0.2474485332,3.4673501596
1268,NFKB1,gene,50.147723597,19.5354192168,69.6831428138
1269,NFKB2,gene,0.0,1.404082842,1.404082842
1270,NFKBIA,gene,0.6354050099999999,0.8702867437999998,1.5056917537999999
1271,NFKBIB,gene,0.9638804279999998,1.2662800892,2.2301605172
1272,NFKBIE,gene,0.6563969327999999,1.5766026379999998,2.2329995707999997
1273,NGF,gene,7.228347255999999,0.0,7.228347255999999
1274,NGFR,gene,5.9592766282,10.9358740874,16.8951507156
1275,NKD1,gene,0.0,0.0,0.0
1276,NKD2,gene,0.0,0.0,0.0
1277,NLK,gene,0.2265476564,0.0,0.2265476564
1278,NLRC4,gene,0.0,0.0,0.0
1279,NLRP1,gene,0.3109190448,1.0190780099999999,1.3299970547999997
1280,NLRP12,gene,0.707722934,0.0,0.707722934
1281,NLRP3,gene,0.0,0.338585226,0.338585226
1282,NLRP6,gene,0.0,0.0,0.0
1283,NLRP7,gene,0.0,0.0,0.0
1284,NLRX1,gene,0.0,0.0,0.0
1285,NOD1,gene,0.0,0.0,0.0
1286,NOD2,gene,0.215111124,0.0,0.215111124
1287,NODAL,gene,0.0,0.0,0.0
1288,NOG,gene,0.0,0.0,0.0
1289,NOS1,gene,0.0,0.5569926537999998,0.5569926537999998
1290,NOS2,gene,0.0,1.304054362,1.304054362
1291,NOS3,gene,1.1171329861999997,1.8596256239999998,2.976758610199999
1292,NOTCH1,gene,0.0,0.0,0.0
1293,NOTCH2,gene,0.0,0.0,0.0
1294,NOTCH3,gene,0.0,0.0,0.0
1295,NOTCH4,gene,0.0,0.0,0.0
1296,NOTUM,gene,0.0,0.0,0.0
1297,NOX4,gene,0.0,0.0,0.0
1298,NPPA,gene,0.0,0.2142269588,0.2142269588
1299,NPPB,gene,0.0,0.2439780026,0.2439780026
1300,NPPC,gene,0.0,0.0,0.0
1301,NPR1,gene,0.0,0.0,0.0
1302,NPR2,gene,0.0,0.0,0.0
1303,NPRL2,gene,0.0,0.0,0.0
1304,NPRL3,gene,0.0,0.0,0.0
1305,NPY,gene,0.0,0.223191742,0.223191742
1306,NPY1R,gene,0.0,0.0,0.0
1307,NR1H3,gene,0.0,1.62470519,1.62470519
1308,NR4A1,gene,1.204938418,0.9962302348000001,2.2011686528
1309,NRAS,gene,5.2998974262,6.067841769999999,11.367739196199999
1310,NRF1,gene,0.0,0.0,0.0
1311,NRG1,gene,0.0,0.0,0.0
1312,NRG2,gene,0.0,0.0,0.0
1313,NRG3,gene,0.293883317,0.0,0.293883317
1314,NRG4,gene,0.0,0.0,0.0
1315,NSMAF,gene,0.0,0.0,0.0
1316,NTF3,gene,7.5598492492,0.0,7.5598492492
1317,NTF4,gene,6.832691845799999,0.0,6.832691845799999
1318,NTRK1,gene,3.3911215696,13.756468110399998,17.14758968
1319,NTRK2,gene,3.212930717,12.315781866,15.528712583
1320,NTRK3,gene,3.0514221037999993,8.100274323999999,11.151696427799997
1321,NTSR1,gene,0.0,0.0,0.0
1322,NUMB,gene,0.0,0.0,0.0
1323,NUMBL,gene,0.0,0.0,0.0
1324,OLR1,gene,0.0,1.664384404,1.664384404
1325,OPRD1,gene,0.0,0.0,0.0
1326,OPRM1,gene,0.272494698,0.0,0.272494698
1327,ORAI1,gene,0.0,0.0,0.0
1328,ORAI2,gene,0.0,0.0,0.0
1329,ORAI3,gene,0.0,0.0,0.0
1330,OSM,gene,0.5660803832,0.0,0.5660803832
1331,OSMR,gene,0.0,0.20915699914,0.20915699914
1332,OXT,gene,0.0,0.0,0.0
1333,OXTR,gene,0.0,0.0,0.0
1334,P2RY1,gene,0.0,0.0,0.0
1335,PAK1,gene,0.0,0.2182776599999999,0.2182776599999999
1336,PAK2,gene,0.0,0.242828258,0.242828258
1337,PAK4,gene,0.0,0.0,0.0
1338,PAK5,gene,0.0,0.0,0.0
1339,PAK6,gene,0.0,0.0,0.0
1340,PARD3,gene,0.0,0.0,0.0
1341,PARD6A,gene,0.202670734,0.0,0.202670734
1342,PARD6B,gene,0.0,0.0,0.0
1343,PARD6G,gene,0.2171325573999999,0.0,0.2171325573999999
1344,PCK1,gene,0.0,5.9845113062,5.9845113062
1345,PCK2,gene,0.0,4.8738448338,4.8738448338
1346,PDCD1,gene,0.0,0.0,0.0
1347,PDE10A,gene,0.0,0.0,0.0
1348,PDE1A,gene,0.0,0.0,0.0
1349,PDE1B,gene,0.0,0.0,0.0
1350,PDE1C,gene,0.0,0.0,0.0
1351,PDE3A,gene,0.0,0.0,0.0
1352,PDE3B,gene,0.0,0.467158427,0.467158427
1353,PDE4A,gene,0.0,0.2109384534,0.2109384534
1354,PDE4B,gene,0.0,0.0,0.0
1355,PDE4C,gene,0.0,0.0,0.0
1356,PDE4D,gene,0.0,0.0,0.0
1357,PDGFA,gene,8.589325254,0.0,8.589325254
1358,PDGFB,gene,8.2753595124,0.0,8.2753595124
1359,PDGFC,gene,7.303214833599999,0.0,7.303214833599999
1360,PDGFD,gene,7.822177204399999,0.0,7.822177204399999
1361,PDGFRA,gene,6.8732692274,14.605287410719999,21.478556638119997
1362,PDGFRB,gene,13.73280182,49.5568789894,63.2896808094
1363,PDHA2,gene,0.0,0.0,0.0
1364,PDHB,gene,0.0,0.0,0.0
1365,PDK1,gene,0.0,0.53837724,0.53837724
1366,PDPK1,gene,8.4021098412,7.28146329,15.6835731312
1367,PERP,gene,0.0,0.23120796,0.23120796
1368,PF4,gene,0.0,0.0,0.0
1369,PF4V1,gene,0.0,0.0,0.0
1370,PFKFB2,gene,0.0,0.6622203187399999,0.6622203187399999
1371,PFKFB3,gene,0.0,0.49068403120000004,0.49068403120000004
1372,PFKFB4,gene,0.0,0.0,0.0
1373,PFKL,gene,0.0,0.0,0.0
1374,PFKM,gene,0.0,0.41742832877199987,0.41742832877199987
1375,PFKP,gene,0.0,0.0,0.0
1376,PFN1,gene,0.0,0.0,0.0
1377,PFN2,gene,0.0,0.0,0.0
1378,PFN3,gene,0.0,0.0,0.0
1379,PFN4,gene,0.0,0.0,0.0
1380,PGAM5,gene,0.0,0.0,0.0
1381,PGF,gene,7.1770385887999995,0.0,7.1770385887999995
1382,PGK2,gene,0.0,0.0,0.0
1383,PGR,gene,0.0,5.357846524,5.357846524
1384,PHKB,gene,0.0,0.0,0.0
1385,PHKG1,gene,0.0,0.0,0.0
1386,PHKG2,gene,0.0,0.0,0.0
1387,PHLPP1,gene,0.0,0.0,0.0
1388,PHLPP2,gene,0.0,0.0,0.0
1389,PIAS1,gene,1.5150371442,0.0,1.5150371442
1390,PIAS2,gene,1.8140657808,0.0,1.8140657808
1391,PIAS3,gene,1.9205816871999999,0.0,1.9205816871999999
1392,PIAS4,gene,1.3036452047999998,0.0,1.3036452047999998
1393,PIDD1,gene,0.0,0.0,0.0
1394,PIK3AP1,gene,0.221070472,0.0,0.221070472
1395,PIK3C3,gene,0.0,0.0,0.0
1396,PIK3CA,gene,6.957968288,15.95832819374,22.916296481739998
1397,PIK3CB,gene,6.7370278006,17.452788574299998,24.189816374899998
1398,PIK3CD,gene,7.9239327379999995,14.607549060479998,22.531481798479998
1399,PIK3CG,gene,2.6569237448,2.1733569139999998,4.8302806588
1400,PIK3R1,gene,6.3933853875999995,15.4159261618,21.8093115494
1401,PIK3R2,gene,7.994884732,17.332047795439998,25.326932527439997
1402,PIK3R3,gene,8.10906475552,16.75829353742,24.867358292939997
1403,PIK3R4,gene,0.0,0.0,0.0
1404,PIK3R5,gene,2.2978975935999997,2.5161199294,4.8140175229999995
1405,PIK3R6,gene,1.729251336,2.5554018132,4.2846531492
1406,PIM1,gene,0.2660964019999999,1.4849013379999998,1.7509977399999996
1407,PIN1,gene,0.0,0.0,0.0
1408,PITX2,gene,0.0,0.0,0.0
1409,PKLR,gene,0.0,0.0,0.0
1410,PKM,gene,0.0,0.0,0.0
1411,PKN1,gene,0.266740864,0.6272363959999999,0.89397726
1412,PKN2,gene,0.2417683,1.180343428,1.422111728
1413,PKN3,gene,0.0,0.587291926,0.587291926
1414,PLA1A,gene,0.0,0.22064823896,0.22064823896
1415,PLA2G10,gene,0.0,0.0,0.0
1416,PLA2G12A,gene,0.0,0.2146412968,0.2146412968
1417,PLA2G12B,gene,0.0,0.3168260692,0.3168260692
1418,PLA2G1B,gene,0.0,0.0,0.0
1419,PLA2G2A,gene,0.0,0.229192426,0.229192426
1420,PLA2G2C,gene,0.0,0.2116153188,0.2116153188
1421,PLA2G2D,gene,0.0,0.0,0.0
1422,PLA2G2E,gene,0.0,0.2043470962,0.2043470962
1423,PLA2G2F,gene,0.0,0.2052969731999999,0.2052969731999999
1424,PLA2G3,gene,0.0,0.2187834431999999,0.2187834431999999
1425,PLA2G4A,gene,0.0,0.30383904,0.30383904
1426,PLA2G4B,gene,0.0,0.2614048644,0.2614048644
1427,PLA2G4C,gene,0.0,0.6779230259999999,0.6779230259999999
1428,PLA2G4D,gene,0.0,0.252144483,0.252144483
1429,PLA2G4E,gene,0.0,0.506532245,0.506532245
1430,PLA2G4F,gene,0.0,0.20709822,0.20709822
1431,PLA2G5,gene,0.0,0.3194766539999999,0.3194766539999999
1432,PLA2G6,gene,0.0,0.215739058,0.215739058
1433,PLAT,gene,0.0,0.0,0.0
1434,PLAU,gene,0.0,0.6747466231999999,0.6747466231999999
1435,PLCB1,gene,1.451694978,8.55961888646,10.01131386446
1436,PLCB2,gene,1.6322788395999999,11.0353976414,12.667676480999999
1437,PLCB3,gene,1.7390198768,10.7435268456,12.4825467224
1438,PLCB4,gene,1.272059571,10.420133892199999,11.692193463199999
1439,PLCD1,gene,0.0,0.0,0.0
1440,PLCD3,gene,0.0,0.0,0.0
1441,PLCD4,gene,0.0,0.0,0.0
1442,PLCE1,gene,0.0,0.0,0.0
1443,PLCG1,gene,1.6519994009999999,7.4758692878,9.1278686888
1444,PLCG2,gene,1.454246376,5.5436483608,6.997894736799999
1445,PLCZ1,gene,0.0,0.0,0.0
1446,PLD1,gene,0.0,0.2160815187999999,0.2160815187999999
1447,PLD2,gene,0.0,0.0,0.0
1448,PLIN1,gene,0.0,2.9597344082,2.9597344082
1449,PLIN2,gene,0.0,1.363465648,1.363465648
1450,PLIN4,gene,0.0,1.8394902599999998,1.8394902599999998
1451,PLIN5,gene,0.0,1.504591106,1.504591106
1452,PLK1,gene,0.0,0.0,0.0
1453,PLK2,gene,0.0,0.0,0.0
1454,PLK3,gene,0.0,0.0,0.0
1455,PLK4,gene,0.0,0.0,0.0
1456,PLN,gene,0.0,0.21666321598,0.21666321598
1457,PLTP,gene,0.0,1.5664763268000002,1.5664763268000002
1458,PMAIP1,gene,0.0,0.0,0.0
1459,POMC,gene,0.0,0.0,0.0
1460,POU5F1,gene,0.0,0.0,0.0
1461,POU5F1B,gene,0.0,0.0,0.0
1462,PPARA,gene,9.312489571399999,0.5219751020000001,9.8344646734
1463,PPARD,gene,6.2403806324,0.2486751593999999,6.4890557918
1464,PPARG,gene,8.35157026606,0.9109194459999999,9.262489712059999
1465,PPARGC1A,gene,0.0,0.273117119,0.273117119
1466,PPBP,gene,0.0,0.0,0.0
1467,PPIF,gene,0.0,0.0,0.0
1468,PPM1A,gene,0.0,0.0,0.0
1469,PPM1B,gene,0.0,0.0,0.0
1470,PPM1D,gene,0.0,0.0,0.0
1471,PPP1CA,gene,0.7547299961999998,0.4476017599999999,1.2023317561999998
1472,PPP1CB,gene,0.2472179384,0.2066980149999999,0.4539159533999999
1473,PPP1CC,gene,0.0,0.2208188267999999,0.2208188267999999
1474,PPP1R12A,gene,0.0,0.0,0.0
1475,PPP1R12B,gene,0.0,0.0,0.0
1476,PPP1R12C,gene,0.0,0.0,0.0
1477,PPP1R1B,gene,0.0,0.0,0.0
1478,PPP1R3A,gene,0.0,0.0,0.0
1479,PPP1R3B,gene,0.0,0.4372027761999999,0.4372027761999999
1480,PPP1R3C,gene,0.0,0.0,0.0
1481,PPP1R3D,gene,0.0,0.0,0.0
1482,PPP1R3E,gene,0.0,0.0,0.0
1483,PPP2CA,gene,2.974779446,0.0,2.974779446
1484,PPP2CB,gene,2.9262594968,0.2107002805999999,3.1369597774
1485,PPP2R1A,gene,2.1881121338,0.244482231,2.4325943648
1486,PPP2R1B,gene,2.0950723069999997,0.0,2.0950723069999997
1487,PPP2R2A,gene,1.4970017459999998,0.0,1.4970017459999998
1488,PPP2R2B,gene,1.538237501,0.0,1.538237501
1489,PPP2R2C,gene,1.138379976,0.0,1.138379976
1490,PPP2R2D,gene,1.5364335059999998,0.0,1.5364335059999998
1491,PPP2R3A,gene,1.6207893420000001,0.0,1.6207893420000001
1492,PPP2R3C,gene,1.59053546,0.0,1.59053546
1493,PPP2R5A,gene,1.0151948739999999,0.0,1.0151948739999999
1494,PPP2R5B,gene,1.308068048,0.0,1.308068048
1495,PPP2R5C,gene,1.440628387,0.0,1.440628387
1496,PPP2R5D,gene,1.667063974,0.0,1.667063974
1497,PPP2R5E,gene,1.538470703,0.0,1.538470703
1498,PPP3CA,gene,0.0,0.0,0.0
1499,PPP3CB,gene,0.4570637592,0.0,0.4570637592
1500,PPP3CC,gene,0.2184228839999999,0.0,0.2184228839999999
1501,PPP3R1,gene,0.0,0.0,0.0
1502,PPP3R2,gene,0.2269519059999999,0.0,0.2269519059999999
1503,PPP4C,gene,0.0,0.0,0.0
1504,PPP4R3A,gene,0.0,0.0,0.0
1505,PPP4R3B,gene,0.0,0.0,0.0
1506,PPP5C,gene,0.0,0.0,0.0
1507,PRDM4,gene,0.0,0.0,0.0
1508,PREX1,gene,0.0,0.211621946,0.211621946
1509,PRICKLE1,gene,0.0,0.0,0.0
1510,PRICKLE2,gene,0.0,0.0,0.0
1511,PRICKLE4,gene,0.0,0.0,0.0
1512,PRKAA1,gene,2.3817673360000002,2.2627429184,4.6445102544
1513,PRKAA2,gene,4.228347524599999,2.2528586039999996,6.4812061285999985
1514,PRKAB1,gene,3.0435491476999994,2.3629015107999995,5.406450658499999
1515,PRKAB2,gene,3.2425658129399997,2.4166042028,5.659170015739999
1516,PRKACA,gene,3.4753062553999996,0.0,3.4753062553999996
1517,PRKACB,gene,3.8050617783999994,0.0,3.8050617783999994
1518,PRKACG,gene,2.4975220212,0.0,2.4975220212
1519,PRKAG1,gene,3.150620273,2.8455824967999996,5.9962027698
1520,PRKAG2,gene,5.587944224999999,2.58741908986,8.17536331486
1521,PRKAG3,gene,2.52602240994,2.17873984304,4.70476225298
1522,PRKAR1A,gene,0.0,0.0,0.0
1523,PRKAR1B,gene,0.0,0.0,0.0
1524,PRKAR2A,gene,0.0,0.0,0.0
1525,PRKAR2B,gene,0.0,0.0,0.0
1526,PRKCA,gene,9.449773090599999,3.401675411,12.851448501599998
1527,PRKCB,gene,9.1988979285,2.5960904296,11.7949883581
1528,PRKCD,gene,2.2593827003999998,1.695951206,3.9553339064
1529,PRKCE,gene,2.2501255511999996,0.48940907879999984,2.7395346299999996
1530,PRKCG,gene,2.7697717959999997,1.5327152229999998,4.302487018999999
1531,PRKCI,gene,0.357278644,3.0309549391999995,3.3882335831999995
1532,PRKCQ,gene,0.204051519,0.0,0.204051519
1533,PRKCZ,gene,3.59914123,4.3253769284,7.9245181584
1534,PRKD1,gene,0.0,0.0,0.0
1535,PRKD2,gene,0.0,0.2376355419999999,0.2376355419999999
1536,PRKD3,gene,0.0,0.200115086,0.200115086
1537,PRKG1,gene,0.0,0.0,0.0
1538,PRKG2,gene,0.5862492930000001,0.0,0.5862492930000001
1539,PRL,gene,0.8938679252,0.0,0.8938679252
1540,PRLR,gene,1.00788025514,2.3294942277999997,3.3373744829399996
1541,PRMT1,gene,0.0,0.0,0.0
1542,PRR5,gene,0.0,0.0,0.0
1543,PSEN1,gene,0.0,0.0,0.0
1544,PSEN2,gene,0.0,0.0,0.0
1545,PSENEN,gene,0.0,0.0,0.0
1546,PSTPIP1,gene,0.0,0.0,0.0
1547,PTAFR,gene,0.0,0.0,0.0
1548,PTCH1,gene,0.0,0.4097841249999999,0.4097841249999999
1549,PTCH2,gene,0.0,0.4279665615879999,0.4279665615879999
1550,PTCRA,gene,0.0,0.0,0.0
1551,PTEN,gene,0.0,0.479131893,0.479131893
1552,PTGER1,gene,0.0,0.0,0.0
1553,PTGER2,gene,0.0,0.0,0.0
1554,PTGER3,gene,0.0,0.0,0.0
1555,PTGFR,gene,0.2739734194,0.0,0.2739734194
1556,PTGS2,gene,0.0,10.879923688,10.879923688
1557,PTK2,gene,2.0966062039999995,4.1607395426,6.2573457465999995
1558,PTK2B,gene,0.9456319499999999,1.816780965,2.7624129149999996
1559,PTPN1,gene,0.46665294319999995,0.0,0.46665294319999995
1560,PTPN11,gene,1.5688537184,3.2788979422,4.8477516606
1561,PTPN2,gene,1.2546340185999998,0.0,1.2546340185999998
1562,PTPN5,gene,1.833830272,0.0,1.833830272
1563,PTPN6,gene,0.20317342,0.0,0.20317342
1564,PTPN7,gene,1.560567785,0.0,1.560567785
1565,PTPRC,gene,0.930965652,0.0,0.930965652
1566,PTPRF,gene,0.48472998763999986,0.0,0.48472998763999986
1567,PTPRR,gene,1.4792638372,0.0,1.4792638372
1568,PXN,gene,0.0,0.2319729167999999,0.2319729167999999
1569,PYCARD,gene,0.0,0.3109190448,0.3109190448
1570,PYDC1,gene,0.0,0.0,0.0
1571,PYDC2,gene,0.0,0.0,0.0
1572,PYGB,gene,0.0,0.0,0.0
1573,PYGL,gene,0.0,0.0,0.0
1574,PYGM,gene,0.0,0.0,0.0
1575,RAB10,gene,0.0,0.0,0.0
1576,RAB11B,gene,0.0,0.0,0.0
1577,RAB14,gene,0.0,0.0,0.0
1578,RAB2A,gene,0.0,0.0,0.0
1579,RAB5A,gene,0.0,0.0,0.0
1580,RAB5B,gene,0.0,0.0,0.0
1581,RAB5C,gene,0.0,0.0,0.0
1582,RAB8A,gene,0.0,0.0,0.0
1583,RAC1,gene,2.9376321935999994,1.0655061178,4.003138311399999
1584,RAC2,gene,0.0,0.78490799852,0.78490799852
1585,RAC3,gene,0.5174060149999999,0.44632038760000003,0.9637264026
1586,RAF1,gene,2.1171150186,2.756104518,4.8732195366
1587,RAG1,gene,0.0,0.0,0.0
1588,RAG2,gene,0.0,0.0,0.0
1589,RALA,gene,0.0,0.0,0.0
1590,RALB,gene,0.2428188152,0.0,0.2428188152
1591,RALBP1,gene,0.0,0.0,0.0
1592,RALGDS,gene,0.0,0.0,0.0
1593,RAP1A,gene,1.8027417698,0.0,1.8027417698
1594,RAP1B,gene,0.972801542,0.0,0.972801542
1595,RAP1GAP,gene,0.0,0.0,0.0
1596,RAPGEF1,gene,0.0,0.2063620172,0.2063620172
1597,RAPGEF2,gene,0.0,0.0,0.0
1598,RAPGEF3,gene,0.0,0.0,0.0
1599,RAPGEF4,gene,0.0,0.0,0.0
1600,RAPGEF5,gene,0.0,0.0,0.0
1601,RAPGEF6,gene,0.0,0.0,0.0
1602,RARA,gene,0.0,3.7283619359999998,3.7283619359999998
1603,RASA1,gene,0.0,0.0,0.0
1604,RASA2,gene,0.0,0.0,0.0
1605,RASA3,gene,0.0,0.0,0.0
1606,RASA4,gene,0.0,0.0,0.0
1607,RASAL1,gene,0.0,0.0,0.0
1608,RASAL2,gene,0.0,0.0,0.0
1609,RASAL3,gene,0.0,0.0,0.0
1610,RASGRF1,gene,0.218966477,0.0,0.218966477
1611,RASGRF2,gene,0.0,0.0,0.0
1612,RASGRP1,gene,0.0,0.0,0.0
1613,RASGRP2,gene,0.0,0.0,0.0
1614,RASGRP3,gene,0.0,0.0,0.0
1615,RASGRP4,gene,0.0,0.0,0.0
1616,RASSF1,gene,0.0,0.2251170784599999,0.2251170784599999
1617,RASSF2,gene,0.0,0.0,0.0
1618,RASSF4,gene,0.0,0.0,0.0
1619,RASSF5,gene,0.0,0.0,0.0
1620,RASSF6,gene,0.0,0.0,0.0
1621,RBCK1,gene,0.0,0.0,0.0
1622,RBL1,gene,0.0,0.0,0.0
1623,RBL2,gene,0.0,0.0,0.0
1624,RBPJ,gene,0.7641613093399999,3.7170291395999997,4.48119044894
1625,RBPJL,gene,0.2311251127999999,5.7330617456,5.9641868584
1626,RBX1,gene,0.0,0.0,0.0
1627,RCAN1,gene,0.0,0.0,0.0
1628,RCAN2,gene,0.0,0.5780618139999998,0.5780618139999998
1629,RCHY1,gene,0.0,0.0,0.0
1630,REL,gene,0.0,0.0,0.0
1631,RELA,gene,20.980329166599997,9.354998632733999,30.335327799333996
1632,RELB,gene,0.0,0.0,0.0
1633,RELN,gene,0.0,0.0,0.0
1634,RET,gene,0.561987204,6.7042786981999996,7.2662659022
1635,RFNG,gene,0.0,0.0,0.0
1636,RGL1,gene,0.0,0.0,0.0
1637,RGL2,gene,0.0,0.235429959,0.235429959
1638,RGMA,gene,0.0,0.0,0.0
1639,RGMB,gene,0.0,0.0,0.0
1640,RGS14,gene,0.0,0.0,0.0
1641,RGS2,gene,0.0,0.226012102,0.226012102
1642,RHEB,gene,1.4859327598,0.0,1.4859327598
1643,RHOA,gene,2.7240336595999994,2.6488491279999997,5.372882787599999
1644,RHOQ,gene,0.0,0.2168207165999999,0.2168207165999999
1645,RICTOR,gene,0.0,0.443575522,0.443575522
1646,RIN1,gene,0.95575655,0.9285333118,1.8842898618000001
1647,RIPK1,gene,0.0,0.20491003722,0.20491003722
1648,RIPK2,gene,0.0,0.0,0.0
1649,RIPK3,gene,0.0,0.0,0.0
1650,RLN1,gene,0.0,0.0,0.0
1651,RLN2,gene,0.0,0.0,0.0
1652,RLN3,gene,0.0,0.0,0.0
1653,RNASEL,gene,0.0,0.0,0.0
1654,RNF125,gene,0.0,0.0,0.0
1655,RNF152,gene,0.0,0.0,0.0
1656,RNF31,gene,0.0,0.0,0.0
1657,RNF43,gene,0.0,0.0,0.0
1658,ROCK1,gene,0.52545197,0.25430679,0.77975876
1659,ROCK2,gene,0.517420144,0.347561606,0.8649817500000001
1660,ROR1,gene,0.0,0.0,0.0
1661,ROR2,gene,0.0,0.0,0.0
1662,RPRM,gene,0.0,0.0,0.0
1663,RPS6,gene,0.0,0.224259992,0.224259992
1664,RPS6KA1,gene,0.0,0.0,0.0
1665,RPS6KA2,gene,0.0,0.7111023456,0.7111023456
1666,RPS6KA4,gene,1.5473555038,1.092759032,2.6401145358
1667,RPS6KA5,gene,1.521901396,1.677522245,3.199423641
1668,RPS6KB1,gene,0.5334242184000001,3.9592393286,4.492663547
1669,RPS6KB2,gene,0.7879516512,3.8928740428,4.680825694
1670,RPTOR,gene,2.2554194352,3.6346743571999998,5.8900937924
1671,RRAGA,gene,1.1168678399999998,0.0,1.1168678399999998
1672,RRAGC,gene,0.4199070624,0.7786231321999999,1.1985301946
1673,RRAGD,gene,0.74875031,0.319699254,1.068449564
1674,RRAS,gene,0.7985792988,0.4893030459999999,1.2878823447999999
1675,RRAS2,gene,0.26143346,0.2224902558,0.48392371580000004
1676,RRM2,gene,0.0,1.678101212,1.678101212
1677,RRM2B,gene,0.0,1.6624413439999999,1.6624413439999999
1678,RSPO1,gene,0.0,0.0,0.0
1679,RSPO2,gene,0.0,0.0,0.0
1680,RSPO3,gene,0.0,0.0,0.0
1681,RSPO4,gene,0.0,0.0,0.0
1682,RUVBL1,gene,0.0,0.0,0.0
1683,RXFP1,gene,0.0,0.0,0.0
1684,RXFP2,gene,0.0,0.0,0.0
1685,RXFP3,gene,0.465605149,0.0,0.465605149
1686,RXFP4,gene,0.0,0.0,0.0
1687,RXRA,gene,33.3273653008,15.223810208,48.5511755088
1688,RXRB,gene,30.7833641132,15.84780303,46.6311671432
1689,RXRG,gene,31.9746635726,16.984663784000002,48.9593273566
1690,RYK,gene,0.0,0.0,0.0
1691,RYR1,gene,0.0,0.0,0.0
1692,RYR2,gene,0.0,0.0,0.0
1693,RYR3,gene,0.0,0.0,0.0
1694,S100A7,gene,0.0,1.1728536997999999,1.1728536997999999
1695,S100A7A,gene,0.0,1.4701816864000001,1.4701816864000001
1696,S100A8,gene,0.0,1.4231060005,1.4231060005
1697,S100A9,gene,0.0,1.3532878353999998,1.3532878353999998
1698,S1PR1,gene,0.2107255528,0.0,0.2107255528
1699,S1PR2,gene,0.0,0.0,0.0
1700,S1PR3,gene,0.0,0.0,0.0
1701,S1PR4,gene,0.0,0.0,0.0
1702,S1PR5,gene,0.0,0.0,0.0
1703,SAV1,gene,0.0,0.0,0.0
1704,SCD,gene,0.0,2.1952769979999998,2.1952769979999998
1705,SCD5,gene,0.0,1.788167068,1.788167068
1706,SCP2,gene,0.0,1.6791943759999999,1.6791943759999999
1707,SCRIB,gene,0.0,0.0,0.0
1708,SEC13,gene,0.0,0.0,0.0
1709,SEH1L,gene,0.0,0.0,0.0
1710,SELE,gene,0.0,0.5819985591999999,0.5819985591999999
1711,SENP2,gene,0.0,0.0,0.0
1712,SERPINB5,gene,0.0,0.0,0.0
1713,SERPINE1,gene,0.0,2.563083178,2.563083178
1714,SERPINF1,gene,0.0,0.0,0.0
1715,SESN1,gene,0.0,0.0,0.0
1716,SESN2,gene,0.0,0.0,0.0
1717,SESN3,gene,0.0,0.0,0.0
1718,SETD7,gene,0.0,0.0,0.0
1719,SFN,gene,0.0,0.0,0.0
1720,SFRP1,gene,0.0,0.0,0.0
1721,SFRP2,gene,0.0,0.0,0.0
1722,SFRP4,gene,0.0,0.0,0.0
1723,SFRP5,gene,0.0,0.0,0.0
1724,SGK1,gene,0.5214035071999998,0.838115622,1.3595191291999997
1725,SGK2,gene,0.2849248268,0.499951184,0.7848760107999999
1726,SGK3,gene,0.501536226,0.462324904,0.96386113
1727,SH2B1,gene,0.0,0.0,0.0
1728,SH2B2,gene,0.0,0.2166138568,0.2166138568
1729,SH2B3,gene,0.2097131887999999,0.2228161096,0.4325292983999999
1730,SH2D2A,gene,0.0,0.0,0.0
1731,SHARPIN,gene,0.0,0.0,0.0
1732,SHC1,gene,1.5947113494,11.2808298436,12.875541193
1733,SHC2,gene,1.4553828478,11.9639373886,13.419320236399999
1734,SHC3,gene,1.1563009869999998,10.4113927172,11.5676937042
1735,SHC4,gene,1.603469297,9.2912824164,10.8947517134
1736,SHH,gene,0.0,0.0,0.0
1737,SHISA5,gene,0.0,0.2163564255999999,0.2163564255999999
1738,SHOC2,gene,0.0,0.0,0.0
1739,SIAH1,gene,0.0,0.339635394,0.339635394
1740,SIK1,gene,0.0,0.44598619119999994,0.44598619119999994
1741,SIK2,gene,0.0,0.0,0.0
1742,SIKE1,gene,0.0,0.0,0.0
1743,SIN3A,gene,4.78751967,0.0,4.78751967
1744,SIPA1,gene,0.0,0.0,0.0
1745,SIPA1L1,gene,0.0,0.0,0.0
1746,SIPA1L2,gene,0.0,0.0,0.0
1747,SIVA1,gene,0.9104770691999999,0.383072454,1.2935495231999998
1748,SKAP1,gene,0.0,0.0,0.0
1749,SKP1,gene,0.0,0.0,0.0
1750,SKP2,gene,0.0,0.0,0.0
1751,SLC25A31,gene,0.0,0.0,0.0
1752,SLC25A4,gene,0.0,0.0,0.0
1753,SLC27A1,gene,0.0,2.086393278,2.086393278
1754,SLC27A4,gene,0.0,1.613960938,1.613960938
1755,SLC2A1,gene,0.0,0.2148396914,0.2148396914
1756,SLC2A2,gene,0.0,3.388190796,3.388190796
1757,SLC2A4,gene,0.0,0.53033476334,0.53033476334
1758,SLC38A9,gene,0.0,0.0,0.0
1759,SLC3A2,gene,0.0,0.0,0.0
1760,SLC7A5,gene,0.0,0.0,0.0
1761,SLC8A1,gene,0.0,0.0,0.0
1762,SLC8A2,gene,0.0,0.0,0.0
1763,SLC8A3,gene,0.0,0.0,0.0
1764,SLC9A1,gene,0.0,0.6860433252,0.6860433252
1765,SMAD1,gene,0.0,0.295612722,0.295612722
1766,SMAD2,gene,0.7034596639999999,1.8024572739999998,2.5059169379999995
1767,SMAD3,gene,0.2034649167999999,1.3289165646,1.5323814813999999
1768,SMAD4,gene,0.0,0.0,0.0
1769,SMAD5,gene,0.0,0.5021999019999999,0.5021999019999999
1770,SMAD6,gene,0.2116648034,0.573353178,0.7850179814
1771,SMAD7,gene,0.6790760013999999,1.01946737,1.6985433714
1772,SMAD9,gene,0.0,0.2068247449999999,0.2068247449999999
1773,SMO,gene,0.0,0.0,0.0
1774,SMPD2,gene,0.0,0.0,0.0
1775,SMURF1,gene,0.0,0.0,0.0
1776,SMURF2,gene,0.0,0.0,0.0
1777,SNAI2,gene,0.0,0.0,0.0
1778,SNW1,gene,0.0,0.2311251127999999,0.2311251127999999
1779,SOCS1,gene,1.0668879420000001,1.6413200799999998,2.708208022
1780,SOCS2,gene,1.5816139895999999,2.1435513310000003,3.7251653206000004
1781,SOCS3,gene,2.3097909879999996,2.5595328096,4.8693237976
1782,SOCS4,gene,1.455007072,1.7415311230000001,3.196538195
1783,SOCS5,gene,1.569474388,2.3434985228,3.9129729107999998
1784,SOCS6,gene,1.1573709034,1.643003056,2.8003739594
1785,SOCS7,gene,1.4415830431999999,1.6580804429999998,3.0996634862
1786,SOD2,gene,0.0,0.0,0.0
1787,SORBS1,gene,0.0,1.3831116860000001,1.3831116860000001
1788,SORT1,gene,0.0,0.0,0.0
1789,SOS1,gene,0.0,1.04418709444,1.04418709444
1790,SOS2,gene,0.0,0.71227905,0.71227905
1791,SOST,gene,0.0,0.0,0.0
1792,SOX17,gene,0.0,0.0,0.0
1793,SOX2,gene,0.0,0.0,0.0
1794,SOX9,gene,0.0,0.0,0.0
1795,SP1,gene,0.2417983932,1.2633925,1.5051908932
1796,SPHK1,gene,0.0,0.7360569899999999,0.7360569899999999
1797,SPHK2,gene,0.0,1.2879801579999999,1.2879801579999999
1798,SPOP,gene,0.2745610598,0.0,0.2745610598
1799,SPOPL,gene,0.2467042358,0.0,0.2467042358
1800,SPP1,gene,0.0,0.0,0.0
1801,SRC,gene,14.117178624,14.451672252,28.568850876
1802,SREBF1,gene,0.0,0.0,0.0
1803,SRF,gene,0.0,0.4568007362,0.4568007362
1804,SRSF1,gene,0.0,0.2550716474,0.2550716474
1805,SST,gene,0.0,0.0,0.0
1806,SSTR1,gene,0.0,0.0,0.0
1807,SSTR2,gene,0.0,0.0,0.0
1808,SSTR5,gene,0.0,0.0,0.0
1809,STAM,gene,0.0,0.0,0.0
1810,STAM2,gene,0.0,0.0,0.0
1811,STAT1,gene,11.5219282328,5.865232907599999,17.3871611404
1812,STAT2,gene,6.0615877762,3.6123803735999997,9.6739681498
1813,STAT3,gene,15.1174678866,5.8280425144,20.945510401
1814,STAT4,gene,5.4149939342,4.1521479482,9.5671418824
1815,STAT5A,gene,10.185376253,7.083036705,17.268412958
1816,STAT5B,gene,17.674210132,13.456449674,31.130659805999997
1817,STAT6,gene,3.9789266692,5.5257444216,9.504671090799999
1818,STEAP3,gene,0.0,0.320305486,0.320305486
1819,STIM1,gene,0.0,0.0,0.0
1820,STIM2,gene,0.0,0.0,0.0
1821,STK11,gene,0.7009301026599999,0.0,0.7009301026599999
1822,STK3,gene,0.0,0.5394782488000001,0.5394782488000001
1823,STK4,gene,0.0,0.227466002,0.227466002
1824,STMN1,gene,0.0,0.505964656,0.505964656
1825,STRADA,gene,0.4519125509999999,0.0,0.4519125509999999
1826,STRADB,gene,0.4644738139999999,0.0,0.4644738139999999
1827,SUCNR1,gene,0.0,0.0,0.0
1828,SUFU,gene,0.0,0.2050322732,0.2050322732
1829,SUGT1,gene,0.0,0.0,0.0
1830,SYK,gene,1.3544716972,0.7876783959999998,2.1421500931999997
1831,SYNGAP1,gene,0.0,0.0,0.0
1832,TAB1,gene,0.0,0.0,0.0
1833,TAB2,gene,0.2418473569999999,0.0,0.2418473569999999
1834,TACR1,gene,0.0,0.0,0.0
1835,TACR2,gene,0.0,0.0,0.0
1836,TACR3,gene,0.0,0.0,0.0
1837,TANK,gene,0.0,0.0,0.0
1838,TAOK1,gene,0.0,0.0,0.0
1839,TAOK2,gene,0.0,0.0,0.0
1840,TAOK3,gene,0.0,0.0,0.0
1841,TBC1D1,gene,0.0,0.4611927319999999,0.4611927319999999
1842,TBC1D4,gene,0.0,0.0,0.0
1843,TBC1D7,gene,0.0,1.2606893146,1.2606893146
1844,TBK1,gene,0.43174307,0.0,0.43174307
1845,TBKBP1,gene,0.0,0.0,0.0
1846,TBL1XR1,gene,0.0,0.0,0.0
1847,TBX3,gene,0.0,0.0,0.0
1848,TBXA2R,gene,0.0,0.0,0.0
1849,TCF3,gene,0.0,0.0,0.0
1850,TCF7,gene,0.287766622,0.264776995,0.552543617
1851,TCF7L1,gene,0.2486751593999999,0.216009778946,0.4646849383459999
1852,TCF7L2,gene,0.0,0.8122387207999999,0.8122387207999999
1853,TCL1A,gene,0.0,0.0,0.0
1854,TCL1B,gene,0.7682823959999999,0.0,0.7682823959999999
1855,TEAD1,gene,0.0,0.0,0.0
1856,TEAD2,gene,0.20475509,0.0,0.20475509
1857,TEAD3,gene,0.0,0.0,0.0
1858,TEAD4,gene,0.0,0.0,0.0
1859,TEC,gene,0.2232797782,0.0,0.2232797782
1860,TEK,gene,3.6671428865999998,13.849374497,17.5165173836
1861,TELO2,gene,0.2259951673999999,0.620791732,0.8467868994
1862,TF,gene,0.0,0.45144790199999996,0.45144790199999996
1863,TFAM,gene,0.0,0.0,0.0
1864,TFDP1,gene,0.0,0.0,0.0
1865,TFF1,gene,0.0,2.066421408,2.066421408
1866,TFRC,gene,0.0,0.2273004165,0.2273004165
1867,TGFA,gene,8.448171049399999,1.9591729789999999,10.407344028399999
1868,TGFB1,gene,0.0,0.0,0.0
1869,TGFB2,gene,0.0,0.0,0.0
1870,TGFB3,gene,0.0,0.0,0.0
1871,TGFBR1,gene,0.0,0.0,0.0
1872,TGFBR2,gene,0.4551825115999999,0.0,0.4551825115999999
1873,TGIF1,gene,0.0,0.0,0.0
1874,TGIF2,gene,0.0,0.0,0.0
1875,TH,gene,0.0,0.675747826,0.675747826
1876,THBD,gene,0.0,1.06193604,1.06193604
1877,THBS1,gene,0.0,0.0,0.0
1878,THBS2,gene,0.0,0.0,0.0
1879,THBS3,gene,0.0,0.0,0.0
1880,THBS4,gene,0.0,0.0,0.0
1881,THEM4,gene,0.0,0.0,0.0
1882,THPO,gene,0.9601435852000001,0.0,0.9601435852000001
1883,THRA,gene,2.03703050078,11.135261652599999,13.172292153379999
1884,THRB,gene,2.610262244,10.3065306476,12.9167928916
1885,TIAM1,gene,0.0,0.0,0.0
1886,TICAM1,gene,0.0,0.0,0.0
1887,TICAM2,gene,0.0,0.0,0.0
1888,TIRAP,gene,0.0,0.0,0.0
1889,TKFC,gene,0.0,0.0,0.0
1890,TLE1,gene,1.7439209834,1.094051862,2.8379728454
1891,TLE2,gene,1.4235888131999999,1.3307216774000001,2.7543104906
1892,TLE3,gene,1.252247450946,1.3887206721999998,2.640968123146
1893,TLE4,gene,1.3907313828,2.061740612,3.4524719947999998
1894,TLE6,gene,0.5471595380000001,2.126077339,2.673236877
1895,TLN1,gene,0.0,0.0,0.0
1896,TLN2,gene,0.0,0.0,0.0
1897,TLR1,gene,0.0,0.0,0.0
1898,TLR2,gene,0.0,0.0,0.0
1899,TLR3,gene,0.0,0.0,0.0
1900,TLR4,gene,0.9458040059999999,0.0,0.9458040059999999
1901,TLR5,gene,0.0,0.0,0.0
1902,TLR6,gene,0.0,0.0,0.0
1903,TLR9,gene,0.0,0.0,0.0
1904,TNC,gene,0.2013679946,0.0,0.2013679946
1905,TNF,gene,2.2619678839999997,7.1797777134,9.4417455974
1906,TNFAIP3,gene,0.0,0.3716641779999999,0.3716641779999999
1907,TNFRSF10A,gene,0.0,0.0,0.0
1908,TNFRSF10B,gene,0.0,0.0,0.0
1909,TNFRSF11A,gene,1.494372378,0.3118035531999999,1.8061759311999999
1910,TNFRSF13C,gene,0.0,0.0,0.0
1911,TNFRSF1A,gene,0.0,0.534291568,0.534291568
1912,TNFRSF1B,gene,0.5240131508,0.609956082,1.1339692328
1913,TNFSF10,gene,0.0,0.0,0.0
1914,TNFSF11,gene,0.3118035531999999,2.76117222,3.0729757732
1915,TNFSF13B,gene,0.0,0.0,0.0
1916,TNFSF14,gene,0.0,0.0,0.0
1917,TNN,gene,0.0,0.0,0.0
1918,TNNI3,gene,0.0,0.0,0.0
1919,TNR,gene,0.0,0.0,0.0
1920,TNXB,gene,0.0,0.0,0.0
1921,TOLLIP,gene,0.0,0.0,0.0
1922,TP53,gene,5.979613193,4.5491916357,10.5288048287
1923,TP53AIP1,gene,0.0,0.0,0.0
1924,TP53BP1,gene,0.0,0.0,0.0
1925,TP53BP2,gene,0.0,0.0,0.0
1926,TP53I3,gene,0.0,0.251494062,0.251494062
1927,TP73,gene,0.0,0.0,0.0
1928,TRADD,gene,0.4390401463999998,0.2599307608,0.6989709071999998
1929,TRAF1,gene,0.0,0.5650050440000001,0.5650050440000001
1930,TRAF2,gene,6.58476910382,2.6472596644,9.232028768220001
1931,TRAF3,gene,0.0,0.0,0.0
1932,TRAF3IP2,gene,1.5103671096,0.0,1.5103671096
1933,TRAF4,gene,0.0,0.0,0.0
1934,TRAF5,gene,0.0,0.0,0.0
1935,TRAF6,gene,4.0926602149999995,0.9903076009999999,5.082967815999999
1936,TRDN,gene,0.0,0.0,0.0
1937,TRHR,gene,0.0,0.0,0.0
1938,TRIM25,gene,0.0,0.0,0.0
1939,TRIP10,gene,0.0,0.0,0.0
1940,TRIP6,gene,0.0,0.0,0.0
1941,TRPC6,gene,0.0,0.4328152863,0.4328152863
1942,TSC1,gene,0.0,0.7917935719999999,0.7917935719999999
1943,TSC2,gene,0.0,0.874871179,0.874871179
1944,TSHB,gene,0.0,0.0,0.0
1945,TSHR,gene,0.0,0.0,0.0
1946,TSLP,gene,0.678174924,0.0,0.678174924
1947,TTI1,gene,0.0,0.7953631113999999,0.7953631113999999
1948,TXN,gene,0.0,0.0,0.0
1949,TXN2,gene,0.0,0.0,0.0
1950,TXNIP,gene,0.0,0.0,0.0
1951,TYK2,gene,4.018171927,2.2111805481999998,6.2293524752
1952,UBC,gene,0.0,2.026673462,2.026673462
1953,UCP1,gene,0.0,2.4387951392,2.4387951392
1954,ULK1,gene,0.0,1.29268071,1.29268071
1955,ULK2,gene,0.0,0.61775423,0.61775423
1956,USP25,gene,0.2560313836,0.0,0.2560313836
1957,USP7,gene,0.0,0.0,0.0
1958,VANGL1,gene,0.0,0.0,0.0
1959,VANGL2,gene,0.0,0.0,0.0
1960,VASP,gene,0.0,0.0,0.0
1961,VAV1,gene,0.0,0.0,0.0
1962,VAV2,gene,0.0,0.0,0.0
1963,VAV3,gene,0.0,0.0,0.0
1964,VCAM1,gene,0.0,0.797176586,0.797176586
1965,VDAC1,gene,0.0,0.0,0.0
1966,VDAC2,gene,0.0,0.0,0.0
1967,VDAC3,gene,0.0,0.0,0.0
1968,VEGFA,gene,7.341402717399999,5.865360358699999,13.2067630761
1969,VEGFB,gene,5.5571110326,3.5757080539999997,9.1328190866
1970,VEGFC,gene,8.285297168,4.161930029,12.447227197
1971,VHL,gene,0.0,0.0,0.0
1972,VIP,gene,0.0,0.0,0.0
1973,VIPR2,gene,0.0,0.0,0.0
1974,VTN,gene,0.0,0.0,0.0
1975,VWF,gene,0.0,0.0,0.0
1976,WDR24,gene,0.0,0.0,0.0
1977,WDR59,gene,0.0,0.0,0.0
1978,WIF1,gene,0.0,0.0,0.0
1979,WNT1,gene,0.0,0.0,0.0
1980,WNT10A,gene,0.0,0.0,0.0
1981,WNT10B,gene,0.0,0.0,0.0
1982,WNT11,gene,0.0,0.0,0.0
1983,WNT16,gene,0.0,0.0,0.0
1984,WNT2,gene,0.0,0.0,0.0
1985,WNT2B,gene,0.0,0.0,0.0
1986,WNT3,gene,0.0,0.0,0.0
1987,WNT3A,gene,0.0,0.0,0.0
1988,WNT4,gene,0.0,0.213981338,0.213981338
1989,WNT5A,gene,0.0,0.0,0.0
1990,WNT5B,gene,0.0,0.0,0.0
1991,WNT6,gene,0.0,0.0,0.0
1992,WNT7A,gene,0.0,0.0,0.0
1993,WNT7B,gene,0.0,0.0,0.0
1994,WNT8A,gene,0.0,0.0,0.0
1995,WNT8B,gene,0.0,0.0,0.0
1996,WNT9A,gene,0.0,0.0,0.0
1997,WNT9B,gene,0.0,0.0,0.0
1998,WTIP,gene,0.0,0.0,0.0
1999,WWC1,gene,0.0,0.0,0.0
2000,WWTR1,gene,0.0,0.459959483,0.459959483
2001,XCL1,gene,0.0,0.0,0.0
2002,XCL2,gene,0.0,0.0,0.0
2003,XCR1,gene,0.0,0.0,0.0
2004,YAP1,gene,0.225516995,0.240112864,0.465629859
2005,YWHAB,gene,0.20360032,0.0,0.20360032
2006,YWHAE,gene,0.0,0.2417683,0.2417683
2007,YWHAG,gene,0.0,0.0,0.0
2008,YWHAH,gene,0.0,0.0,0.0
2009,YWHAQ,gene,0.2328759839,0.0,0.2328759839
2010,YWHAZ,gene,0.0,0.0,0.0
2011,ZAP70,gene,1.8034314521999997,1.433038724,3.2364701761999997
2012,ZFYVE16,gene,0.0,0.0,0.0
2013,ZFYVE9,gene,0.0,0.0,0.0
2014,ZMAT3,gene,0.0,0.0,0.0
2015,ZNF274,gene,0.0,0.0,0.0
2016,ZNRF3,gene,0.0,0.0,0.0
2017,Celecoxib,drug,2.0,0.0,2.0
2018,Cladribine,drug,2.0,0.0,2.0
2019,Dasatinib,drug,14.0,0.0,14.0
2020,Docetaxel,drug,2.0,0.0,2.0
2021,Everolimus,drug,1.0,0.0,1.0
2022,Fulvestrant,drug,1.0,0.0,1.0
2023,Gefitinib,drug,1.0,0.0,1.0
2024,Lenalidomide,drug,2.0,0.0,2.0
2025,Megestrol acetate,drug,1.0,0.0,1.0
2026,Mitotane,drug,2.0,0.0,2.0
2027,Nilotinib,drug,2.0,0.0,2.0
2028,Paclitaxel,drug,2.0,0.0,2.0
2029,Romidepsin,drug,3.0,0.0,3.0
2030,Sirolimus,drug,2.0,0.0,2.0
2031,Streptozocin,drug,1.0,0.0,1.0
2032,Thalidomide,drug,4.0,0.0,4.0
2033,Tretinoin,drug,4.0,0.0,4.0
2034,Vorinostat,drug,3.0,0.0,3.0
